transaction_id,partition,source,destination,amount
0,train,2371,944,2652.722721319997
1,train,3431,1318,1000.0
2,train,2873,1433,1000.0
3,train,3543,2325,1000.0
4,train,1615,3582,1089.631871719914
5,train,1149,652,1836.3173850407507
6,train,1898,3274,1000.0
7,train,1591,2970,1000.0
8,train,3321,1704,4900.335833790406
9,train,3854,1144,1000.0
10,train,1293,1597,1608.1384755319552
11,train,4092,2505,1750.7903313661343
12,train,3156,3395,1000.0
13,train,3303,2831,2227.2624920778735
14,train,2131,2076,1000.0
15,train,583,1878,2329.772501972211
16,train,1104,1633,1000.0
17,train,4052,1945,1000.0
18,train,2649,3856,1328.8251098144476
19,train,1253,1119,1337.3288291694967
20,train,1890,4069,1456.236282138796
21,train,1706,2940,1000.0
22,train,3011,1784,1000.0
23,train,2986,3346,6982.61650934373
24,train,19,4043,1000.0
25,train,308,843,1235.6275573680016
26,train,3294,358,2804.853770144356
27,train,2402,2087,1000.0
28,train,1246,506,1000.0
29,train,2174,353,1000.0
30,train,1188,1463,2453.783110339623
31,train,1721,1135,1228.878049696453
32,train,3027,567,1810.8707534034263
33,train,2596,1933,1000.0
34,train,2229,2015,1883.3728244807808
35,train,1032,484,1016.374978452981
36,train,2814,2415,2375.007609934983
37,train,3398,1602,1000.0
38,train,696,2984,1000.0
39,train,91,2637,1000.0
40,train,1178,407,1000.0
41,train,3435,480,1000.0
42,train,1680,1032,1000.0
43,train,843,2022,1000.0
44,train,3558,2904,1759.0092714569596
45,train,3301,1349,1000.0
46,train,24,3222,1000.0
47,train,4064,948,1028.8151385734
48,train,2336,2983,1000.0
49,train,864,2666,1331.0867171424457
50,train,3577,3263,1590.3154247358289
51,train,218,1048,1000.0
52,train,3419,2426,1000.0
53,train,3911,641,2283.4700343189165
54,train,3375,1364,1000.0
55,train,2894,1746,2972.9791719685013
56,train,1414,3679,1713.8327956007229
57,train,4119,1281,1000.0
58,train,161,278,1000.0
59,train,2130,1038,1000.0
60,train,1495,2917,1000.0
61,train,2774,3774,1000.0
62,train,3975,184,1440.3595890563292
63,train,1858,1160,1184.5428006647976
64,train,1421,2119,1000.0
65,train,2248,610,1000.0
66,train,1615,4092,2974.3810438290943
67,train,1825,884,3356.9905961787154
68,train,3104,3693,1000.0
69,train,1430,1435,1785.8488741319663
70,train,3954,2235,1000.0
71,train,2649,1156,7789.826857106767
72,train,2284,3307,1450.0151164024874
73,train,3962,1576,1330.0243519102717
74,train,2280,2773,1746.09762609861
75,train,3488,1257,1268.9690109621351
76,train,688,3460,8552.351820933813
77,train,3990,3689,1000.0
78,train,3458,3411,1000.0
79,train,233,1538,2307.869565796195
80,train,3386,1634,1000.0
81,train,182,3678,6232.1814232613515
82,train,666,2589,1000.0
83,train,1747,1599,1000.0
84,train,496,2407,1000.0
85,train,3821,3217,1000.0
86,train,63,2373,1887.1513006259834
87,train,2051,2822,1000.0
88,train,3771,3238,5689.472513299005
89,train,93,2516,1000.0
90,train,1987,2159,1258.0279376113756
91,train,1994,3559,1124.835402559539
92,train,838,2049,11471.870491130809
93,train,59,2759,1000.0
94,train,428,284,1507.249557290693
95,train,209,2430,1000.0
96,train,3766,1362,1000.0
97,train,1908,3433,1000.0
98,train,3554,2553,1000.0
99,train,2626,2117,1000.0
100,train,1244,1229,1000.0
101,train,2248,1994,43666.76646605166
102,train,3828,242,1558.9651195534148
103,train,1744,1215,1000.0
104,train,1142,2711,1759.7924866859373
105,train,604,778,1000.0
106,train,2932,4068,1000.0
107,train,3041,4049,1000.0
108,train,3934,3915,1223.9191475302491
109,train,3468,1522,1071.5454496218808
110,train,1097,1984,1508.9929988441297
111,train,1233,904,38795.684733847476
112,train,2324,118,1651.3621921619813
113,train,3734,2167,1000.0
114,train,2042,2306,1866.7266162566993
115,train,1105,115,3338.9955426520614
116,train,593,1556,1000.0
117,train,2161,1675,1070.5867234496443
118,train,596,3505,1000.0
119,train,3408,1186,6772.969146741193
120,train,2644,844,1257.928282842797
121,train,1542,3913,1000.0
122,train,1643,938,9445.659071103284
123,train,27,561,3073.990079268885
124,train,3643,2658,1000.0
125,train,1076,1775,5419.794898382218
126,train,3173,3072,4621.112401567661
127,train,2968,752,9651.514866528993
128,train,2277,129,1000.0
129,train,3852,3789,1000.0
130,train,1001,135,2765.0409504195895
131,train,2557,148,1095.8351620212231
132,train,2228,646,10663.641930906773
133,train,1938,2312,1000.0
134,train,3037,737,1000.0
135,train,575,3944,2290.554559952883
136,train,1917,4061,1043.5378517748939
137,train,1080,996,1000.0
138,train,596,1883,4490.237730171875
139,train,3627,171,1000.0
140,train,2388,1909,1712.6765333076714
141,train,870,3628,1000.0
142,train,203,2447,1000.0
143,train,689,2169,1614.238932718012
144,train,1662,39,2880.2952232180155
145,train,2005,2429,1353.5644228627323
146,train,2494,560,1000.0
147,train,3737,4131,1000.0
148,train,3258,2525,1000.0
149,train,3170,3033,6861.267640808982
150,train,570,2487,1300.824181536302
151,train,1884,3033,1014.96473924362
152,train,2261,1486,2987.2884019709754
153,train,3674,2536,20613.558325772763
154,train,3050,2636,8048.861637757894
155,train,48,1013,1150.5551645216144
156,train,3228,1756,1000.0
157,train,3055,599,1000.0
158,train,2771,1242,1432.120815187159
159,train,1384,3968,1000.0
160,train,3926,295,1817.0267352031958
161,train,3848,1222,1196.8748423589009
162,train,718,482,1991.8903595914778
163,train,576,3506,1000.0
164,train,2876,1847,1000.0
165,train,2620,65,1000.0
166,train,867,3179,1000.0
167,train,3956,3315,1000.0
168,train,2451,2047,2649.2168543100447
169,train,1776,2374,1293.2094916770234
170,train,2806,548,1000.0
171,train,2790,2321,1000.0
172,train,3118,1697,1000.0
173,train,1645,3426,1000.0
174,train,1133,3442,2842.433425306957
175,train,963,1909,1000.0
176,train,813,2504,1853.5564795883765
177,train,596,240,1000.0
178,train,3892,226,1000.0
179,train,1527,874,1000.0
180,train,2379,3840,1533.0521276041252
181,train,2206,2920,5567.021393939976
182,train,2663,3078,4004.3815196581
183,train,968,2459,4258.726525653916
184,train,713,20,1573.6671535027829
185,train,2012,3830,14880.843100354323
186,train,1434,3811,4051.601377041013
187,train,3703,2344,1541.8630907611455
188,train,2883,3104,1000.0
189,train,1525,879,1000.0
190,train,1375,1529,1000.0
191,train,236,177,4211.384194212498
192,train,3047,306,1000.0
193,train,2927,825,1272.4234929797858
194,train,3620,3676,3986.8721156587803
195,train,1820,2466,1008.2748297723116
196,train,2873,1449,6444.189413036846
197,train,1563,545,2127.633276015088
198,train,590,581,1000.0
199,train,576,1628,1000.0
200,train,3577,556,2375.6255854635433
201,train,2611,2128,1610.4132601927945
202,train,309,233,1000.0
203,train,854,1811,1000.0
204,train,1492,593,1000.0
205,train,3850,442,3201.8874900644146
206,train,1119,1346,1000.0
207,train,2169,2043,23255.45006408067
208,train,848,2222,1830.5276751217996
209,train,2146,2175,1000.0
210,train,1264,1860,2795.603370311045
211,train,3625,1707,2384.105075535655
212,train,2515,3069,8311.31659978136
213,train,3241,1788,1000.0
214,train,585,2239,6202.59535240245
215,train,1415,2622,6629.697976925428
216,train,2013,907,7645.623771744445
217,train,3109,938,1000.0
218,train,2803,2998,1000.0
219,train,3256,2707,1000.0
220,train,1436,3358,1000.0
221,train,4028,1233,1000.0
222,train,572,1755,1000.0
223,train,2994,433,1302.655290910669
224,train,33,1338,2366.6270634866837
225,train,2890,3498,2061.622874033734
226,train,785,1243,1000.0
227,train,3425,2594,1000.0
228,train,2442,720,1000.0
229,train,382,3089,1544.3199737968337
230,train,1539,1874,3222.765794365433
231,train,700,2692,1000.0
232,train,120,1371,1276.811128660955
233,train,742,1823,1000.0
234,train,2344,889,1279.918508523348
235,train,797,3319,5680.515183928626
236,train,859,1798,1603.9841681914734
237,train,3464,3306,1000.0
238,train,2317,3393,2531.255506859698
239,train,1453,248,1000.0
240,train,872,2038,8120.981270959123
241,train,3119,1136,1382.2974849224363
242,train,413,2813,1000.0
243,train,1669,1596,1000.0
244,train,3598,2837,2875.946030125811
245,train,1299,3835,1000.0
246,train,226,1002,5242.4103447356965
247,train,1213,210,1000.0
248,train,3629,984,1790.5613483449815
249,train,747,1087,2012.6349257350098
250,train,2225,2944,1000.0
251,train,2278,528,1000.0
252,train,2424,2507,1369.078489584729
253,train,682,1471,6596.455792949331
254,train,3117,3966,1418.4822783865122
255,train,2544,710,1844.996132750139
256,train,3155,4078,5879.286621900807
257,train,1095,3479,1000.0
258,train,3715,351,1000.0
259,train,3428,1228,1000.0
260,train,1482,283,1000.0
261,train,2388,402,1977.5517463392307
262,train,2536,2898,14418.18816401838
263,train,2198,2972,1000.0
264,train,3951,1324,1000.0
265,train,2137,3130,1000.0
266,train,660,2660,8743.004496146797
267,train,2158,3408,2145.637941620411
268,train,322,2677,1259.3742228085835
269,train,3218,999,1000.0
270,train,3196,1779,1000.0
271,train,3977,1728,1000.0
272,train,3003,3456,1871.4001353462165
273,train,3046,769,1000.0
274,train,1629,1084,1000.0
275,train,1376,2288,2964.0312934096937
276,train,3175,4030,1649.7669825077774
277,train,740,35,1655.3526763850793
278,train,2545,3653,2253.7844062066724
279,train,88,3287,1000.0
280,train,2351,90,1000.0
281,train,3067,928,2795.5873776480603
282,train,608,72,1000.0
283,train,1541,1936,1000.0
284,train,326,177,1000.0
285,train,3950,2393,1000.0
286,train,2750,2496,1000.0
287,train,78,912,1000.0
288,train,3425,1404,3911.5186803154575
289,train,3845,173,1000.0
290,train,3774,2592,2320.377987194842
291,train,2476,4025,2489.701297696865
292,train,1524,3846,1000.0
293,train,283,816,1000.0
294,train,2652,504,1000.0
295,train,31,2940,4333.712281531352
296,train,3100,2216,1000.0
297,train,222,2070,1443.9220799989112
298,train,2745,1193,1000.0
299,train,2276,277,1078.7000192190187
300,train,777,1715,1435.605690872808
301,train,1185,3940,2748.6162571149553
302,train,1601,336,1000.0
303,train,2577,3154,4683.485610312449
304,train,462,4132,1137.4003542077962
305,train,2451,233,10348.823887169257
306,train,435,2016,1000.0
307,train,3693,2234,1000.0
308,train,3220,1756,10182.992459534496
309,train,1731,3614,1000.0
310,train,713,2931,1777.680298782279
311,train,977,3762,2284.1237822808416
312,train,577,106,1557.4172346606347
313,train,1097,2357,1114.8361022767592
314,train,2845,909,8902.762350937242
315,train,2436,2663,5853.189816308072
316,train,1740,3443,1015.7925393800418
317,train,794,2111,1000.0
318,train,3014,3207,1000.0
319,train,3194,248,1000.0
320,train,2038,987,1014.9903152462368
321,train,1472,3275,1059.1599474639654
322,train,3440,3501,1000.0
323,train,3704,3201,1000.0
324,train,1364,2710,1000.0
325,train,2763,209,3648.8490958630873
326,train,2535,2893,1051.8885514023457
327,train,2295,763,1000.0
328,train,1256,775,5330.955258415974
329,train,1747,2963,1000.0
330,train,1942,1743,1326.3098713368438
331,train,3716,1055,1000.0
332,train,1628,2437,1000.0
333,train,3162,848,1000.0
334,train,2082,1310,1000.0
335,train,3985,1561,6482.524526330508
336,train,771,4065,1000.0
337,train,91,3773,1000.0
338,train,2025,2300,1000.0
339,train,3022,4094,1000.0
340,train,3128,1111,1000.0
341,train,612,3423,1000.0
342,train,712,3021,6396.371450926554
343,train,4133,2594,1000.0
344,train,3909,2161,9774.708991242613
345,train,2041,3498,1185.7496301461747
346,train,3889,1631,3024.27455834161
347,train,479,293,3524.354261860703
348,train,3233,3888,3258.222391110948
349,train,1284,284,1436.412504628248
350,train,63,1333,1737.5145398260297
351,train,3632,2016,2378.6770438195767
352,train,1161,558,1000.0
353,train,773,2336,1000.0
354,train,1643,3301,1000.0
355,train,1493,2717,1000.0
356,train,674,2662,2563.997286352738
357,train,1314,2114,1000.0
358,train,3154,3633,1000.0
359,train,1369,3849,1000.0
360,train,3036,97,1000.0
361,train,3576,1021,1000.0
362,train,2652,1036,1000.0
363,train,1913,2337,1000.0
364,train,1238,1863,1000.0
365,train,103,156,1000.0
366,train,58,1481,1000.0
367,train,2507,2336,1000.0
368,train,2776,3360,1000.0
369,train,3848,1597,1000.0
370,train,230,353,1000.0
371,train,3913,3143,1000.0
372,train,1977,3263,2059.0747166994124
373,train,3949,1957,3609.7072994048663
374,train,2382,1868,1000.0
375,train,3670,3694,5885.297700249629
376,train,2114,3097,1000.0
377,train,2481,2958,1000.0
378,train,1528,514,1000.0
379,train,2600,56,1000.0
380,train,666,1057,1791.084470363489
381,train,2257,2851,8513.151447467355
382,train,466,935,1000.0
383,train,2866,1591,3395.246293565902
384,train,3554,1506,3165.5035657360936
385,train,862,2967,4760.716279157453
386,train,1509,3844,1547.427127521052
387,train,473,13,1645.0182153227615
388,train,1147,3722,1799.1227432196429
389,train,2683,3740,1000.0
390,train,202,3343,1000.0
391,train,1403,301,1000.0
392,train,3050,205,1185.7022926356403
393,train,785,1829,1000.0
394,train,1078,2595,1000.0
395,train,3018,987,3325.6498025211554
396,train,2674,2020,1000.0
397,train,3884,2814,2229.6808521377534
398,train,3889,1432,4204.195604094492
399,train,3682,1795,1000.0
400,train,357,1918,1000.0
401,train,1389,3177,2601.941820103673
402,train,1906,2806,1000.0
403,train,1127,1724,1000.0
404,train,2729,1832,6841.8411122757825
405,train,1014,3636,5524.817598196042
406,train,4025,3198,2709.7861851749008
407,train,1072,520,1185.2970808250516
408,train,1055,3600,1000.0
409,train,3606,1859,2279.7903592781154
410,train,1767,2851,2389.5451042137565
411,train,1527,1548,2672.78931058098
412,train,4027,1672,6520.794527381819
413,train,2275,3147,1000.0
414,train,2921,1193,1070.178347247426
415,train,2922,2056,1000.0
416,train,976,1073,1508.1175716587418
417,train,1147,1305,2227.7120414510273
418,train,196,3020,1000.0
419,train,150,2868,1000.0
420,train,2819,1421,1301.6172929191662
421,train,2537,199,1878.9431157860715
422,train,62,1075,3603.758079899536
423,train,3024,1984,2850.1802303924023
424,train,572,3529,3546.858799901406
425,train,3742,3511,1141.68318731751
426,train,885,1811,1000.0
427,train,2803,2974,1000.0
428,train,2593,2564,1000.0
429,train,3156,3352,24014.773142408703
430,train,2441,815,1215.0620411739474
431,train,2266,2698,1166.3185941073318
432,train,1117,1329,6621.124608074654
433,train,2491,1221,4357.5280860124485
434,train,1377,49,1000.0
435,train,649,1756,6544.753550326127
436,train,1572,656,1000.0
437,train,3688,2429,1000.0
438,train,4046,3256,5555.104068190491
439,train,3111,2408,1000.0
440,train,1724,3958,1000.0
441,train,1199,3640,1083.819556950854
442,train,1487,305,1000.0
443,train,4064,1892,2337.818777458152
444,train,3059,3023,1011.11867278794
445,train,3167,1867,1264.242496643347
446,train,2329,816,1000.0
447,train,1861,4038,1902.0336424864922
448,train,1886,3769,4345.449090290914
449,train,1725,2931,2176.7896661246327
450,train,714,3975,2486.659152891173
451,train,378,3260,1000.0
452,train,1392,2573,6914.480090894774
453,train,1840,1014,1000.0
454,train,1576,2457,1108.142656334747
455,train,145,2711,1000.0
456,train,3128,2265,1795.731502943986
457,train,3999,3887,1000.0
458,train,1367,962,1000.0
459,train,2174,2018,1000.0
460,train,935,3800,1000.0
461,train,4134,2038,1000.0
462,train,98,1356,5338.675156269055
463,train,2302,1967,1049.5864058161587
464,train,3946,1034,9341.1886067273
465,train,818,1285,1000.0
466,train,2612,52,2452.5682779025487
467,train,1597,1269,1000.0
468,train,4003,2731,1270.3280581954607
469,train,304,698,1425.3805667650138
470,train,841,2259,1154.6497593761767
471,train,3810,2599,6785.850556854758
472,train,4097,3414,1000.0
473,train,1215,2019,1000.0
474,train,1605,2244,1000.0
475,train,2975,2882,10404.771844009814
476,train,851,1252,1000.0
477,train,250,3922,1000.0
478,train,39,251,1000.0
479,train,1975,2673,1213.143862969702
480,train,963,2901,1000.0
481,train,2315,621,1000.0
482,train,3120,2646,1000.0
483,train,1592,3936,1607.9705641026346
484,train,2524,827,7325.142127461923
485,train,1443,1740,1000.0
486,train,3292,162,12789.569821048164
487,train,457,2559,1000.0
488,train,3747,2057,1000.0
489,train,154,3103,1726.842717446737
490,train,3908,188,1000.0
491,train,346,430,1000.0
492,train,3521,1256,3167.006344044655
493,train,2145,2634,1000.0
494,train,1013,1952,1000.0
495,train,1437,4133,1000.0
496,train,48,3914,1000.0
497,train,2918,4033,1706.2148004597173
498,train,849,3137,1976.1218066167069
499,train,80,3926,1000.0
500,train,3754,3474,1000.0
501,train,3759,585,1000.0
502,train,534,1683,1119.0243666784106
503,train,1969,1509,1000.0
504,train,2352,3182,2233.6743700199245
505,train,298,2935,5259.70573809853
506,train,365,522,1000.0
507,train,19,1583,1092.4060117657525
508,train,3022,1742,1000.0
509,train,2234,1098,3516.580282012435
510,train,1953,2714,1480.76961873496
511,train,1329,1934,1000.0
512,train,310,2847,9597.882051615497
513,train,725,2703,3666.132281928853
514,train,2374,76,1000.0
515,train,1246,1704,1000.0
516,train,356,3500,2328.731519854363
517,train,1761,154,7374.70093408345
518,train,2961,2139,1624.12305875547
519,train,3790,2468,1030.82753422409
520,train,3676,2700,1604.4926415842472
521,train,2514,2780,4719.506048658676
522,train,2918,3575,2813.952987157855
523,train,325,2756,1384.8338801822429
524,train,3033,1729,13525.303082269747
525,train,319,2213,1246.8476782625812
526,train,163,1477,1000.0
527,train,1802,2385,3001.54765614425
528,train,1502,481,1000.0
529,train,1188,2447,1072.0000559796908
530,train,3919,4054,2222.319721353053
531,train,3338,1352,1000.0
532,train,1905,4050,4966.783831964629
533,train,2672,1396,1000.0
534,train,732,3541,1000.0
535,train,707,4116,2085.687516287263
536,train,3670,1160,1630.452657916758
537,train,1705,1589,4699.8830822137725
538,train,4054,466,1000.0
539,train,3562,1027,1346.3551302350736
540,train,2741,1329,1000.0
541,train,709,403,2623.8365372165736
542,train,509,3084,3125.226264808462
543,train,1312,2178,1708.4099032469817
544,train,2558,3846,2351.972678213614
545,train,3654,3756,1000.0
546,train,2348,1342,1769.4846362098606
547,train,2594,4017,1000.0
548,train,381,575,1000.0
549,train,2144,1127,1000.0
550,train,674,3836,1000.0
551,train,2074,2564,2555.95183415494
552,train,1669,111,1000.0
553,train,3059,2585,1000.0
554,train,2598,1810,3291.044111002616
555,train,600,486,3066.693868577234
556,train,932,2131,1000.0
557,train,3821,3667,5049.682894884063
558,train,2630,2598,2938.3770125828273
559,train,3476,174,1000.0
560,train,544,3108,2060.3952966495267
561,train,2160,3271,1460.240052757306
562,train,3386,1629,1000.0
563,train,815,3742,1000.0
564,train,2637,1438,5070.224537681935
565,train,245,2271,1548.5534239636115
566,train,860,779,6825.132292646029
567,train,3544,2745,1823.7161056639836
568,train,2966,2258,2189.007358681124
569,train,2184,3381,2113.2149545181096
570,train,3318,634,1000.0
571,train,3899,3965,1000.0
572,train,1564,713,1394.699395750509
573,train,1609,380,1000.0
574,train,419,2934,18149.65212449004
575,train,1556,1486,5151.142427368525
576,train,3150,3558,18138.843594370337
577,train,3914,1124,3534.1778882689982
578,train,2703,2170,1000.0
579,train,706,1644,6181.3837708379315
580,train,1771,3758,2920.501012252036
581,train,3394,3907,2342.1220724523387
582,train,928,2566,1000.0
583,train,46,1772,1000.0
584,train,4071,1229,1000.0
585,train,3598,3011,1000.0
586,train,1689,1643,1598.026101321641
587,train,810,1968,6490.354339990748
588,train,749,1755,20563.419183223836
589,train,3809,2685,1000.0
590,train,215,965,1940.348746234482
591,train,2137,2900,1000.0
592,train,2522,616,19875.062813210636
593,train,1905,1557,10184.97823277749
594,train,1716,757,1000.0
595,train,3791,1974,1817.7832087262047
596,train,1102,1874,1000.0
597,train,2762,2801,1000.0
598,train,1697,603,4316.984379598757
599,train,63,3546,1000.0
600,train,3819,4056,15253.33816695738
601,train,1593,4133,1000.0
602,train,942,1871,2079.873335721749
603,train,4120,3515,1535.608317000944
604,train,116,1182,3131.387360709889
605,train,3124,1341,1532.4662483660466
606,train,1879,76,1000.0
607,train,2938,3470,1000.0
608,train,2879,1412,1521.4087324657378
609,train,1368,460,2523.3064627700355
610,train,3713,175,1000.0
611,train,2241,1204,1536.3000017622774
612,train,284,2893,1000.0
613,train,1911,1024,13420.299264004361
614,train,3596,2599,2039.2190043213661
615,train,1778,3125,1000.0
616,train,1948,3469,1000.0
617,train,55,1651,1000.0
618,train,727,2554,1000.0
619,train,4057,4123,1000.0
620,train,974,1034,4749.673066021122
621,train,3586,1808,1000.0
622,train,2469,2683,1495.1238424993976
623,train,3914,2071,1000.0
624,train,2580,1071,2648.490368372941
625,train,224,1657,1000.0
626,train,4097,3822,2979.928737594949
627,train,3182,2108,1000.0
628,train,1419,1803,1000.0
629,train,3806,3185,2047.3560874439925
630,train,1774,2335,1000.0
631,train,1564,2583,1000.0
632,train,3778,3292,1000.0
633,train,3589,3260,2862.9647228218814
634,train,786,2634,1199.496164428838
635,train,1008,2307,1000.0
636,train,2737,1076,1000.0
637,train,1072,2639,2582.170633220421
638,train,1906,4072,1000.0
639,train,3805,2301,1000.0
640,train,3779,3360,1038.9916216867464
641,train,2293,2750,1000.0
642,train,2700,2857,1000.0
643,train,745,3988,1000.0
644,train,398,2983,1000.0
645,train,2248,4060,1000.0
646,train,2652,1113,1000.0
647,train,2989,3932,1000.0
648,train,4099,3811,1517.5611508225088
649,train,879,852,7776.440128249115
650,train,2732,3242,4360.107733942329
651,train,549,2901,1000.0
652,train,3949,3705,1935.7654637504834
653,train,457,1215,1000.0
654,train,2547,3000,1000.0
655,train,3541,2654,1107.5809556849197
656,train,727,3407,44190.86276502918
657,train,3578,1099,1523.8138154280164
658,train,3061,2351,1062.3938546565387
659,train,1517,938,4609.680503279558
660,train,701,2405,1000.0
661,train,2066,2213,1628.372089159267
662,train,3117,201,1000.0
663,train,725,2513,1000.0
664,train,900,48,1000.0
665,train,1620,3153,1010.8246500872301
666,train,2452,1287,1923.147696462391
667,train,1567,2481,1000.0
668,train,3023,3690,1071.9670083720835
669,train,1388,806,4574.052582464034
670,train,3142,3921,1000.0
671,train,1172,1128,2008.0940932807027
672,train,1910,456,1000.0
673,train,1656,3455,1000.0
674,train,171,996,22265.476491070345
675,train,3721,1794,1000.0
676,train,3237,440,1000.0
677,train,3100,531,1002.6025440930547
678,train,2365,3384,1000.0
679,train,3124,586,1192.0332796566975
680,train,2663,1936,1000.0
681,train,3406,1076,1606.218324627432
682,train,94,884,1000.0
683,train,2162,592,1000.0
684,train,2164,1805,2298.548316961988
685,train,1836,2699,1380.3427378691622
686,train,3087,194,1000.0
687,train,1214,1342,1000.0
688,train,1453,1348,1261.0601508805532
689,train,2268,4073,1704.5064903863133
690,train,16,1996,1000.0
691,train,1679,1799,1000.0
692,train,1365,516,1000.0
693,train,1355,1180,11867.21672037753
694,train,2222,2172,3790.1219716239416
695,train,1086,3809,1000.0
696,train,258,3065,1000.0
697,train,2716,4021,1178.8928358995852
698,train,218,75,2199.3865991991693
699,train,3693,1331,3902.0804979000827
700,train,720,4008,12180.423749629548
701,train,678,337,1135.2866683136374
702,train,3499,3122,1099.9425035754941
703,train,1944,2986,1000.0
704,train,1378,397,1000.0
705,train,390,2315,3283.8327783561053
706,train,167,3208,1000.0
707,train,3723,1774,1000.0
708,train,1732,1575,1000.0
709,train,363,1709,1000.0
710,train,1321,3908,1000.0
711,train,589,1552,1000.0
712,train,1024,3121,1000.0
713,train,2477,2638,2264.6838796098878
714,train,2945,1891,1000.0
715,train,641,3890,1000.0
716,train,3714,3369,1000.0
717,train,1269,4091,1000.0
718,train,2649,3544,1000.0
719,train,168,1945,1000.0
720,train,2986,605,9188.192956816762
721,train,945,2648,1471.0708896947615
722,train,485,3832,1000.0
723,train,2749,4057,2863.237997605951
724,train,2491,3296,1000.0
725,train,141,1314,4839.197006614728
726,train,1885,2107,1479.9643488289125
727,train,3497,621,1000.0
728,train,3793,1922,1000.0
729,train,428,2547,1000.0
730,train,1629,280,1000.0
731,train,2034,3519,1000.0
732,train,2275,1564,1000.0
733,train,487,1724,1000.0
734,train,1542,980,1052.9561449637724
735,train,3582,3084,1000.0
736,train,2191,347,1000.0
737,train,2143,940,1000.0
738,train,1441,1060,1876.0659079510556
739,train,2023,3429,1000.0
740,train,1521,3578,2311.5676612142565
741,train,3817,3562,2401.1137969607094
742,train,3923,4104,1000.0
743,train,1061,1336,2641.7819393402037
744,train,1458,1391,1714.2937196793093
745,train,4039,478,1121.1464358618543
746,train,2591,3233,6832.991804724981
747,train,104,341,1000.0
748,train,2391,1287,1000.0
749,train,1061,4012,1000.0
750,train,3028,2498,1000.0
751,train,3833,3176,1000.0
752,train,3898,66,2395.875242023848
753,train,1690,1790,1000.0
754,train,3487,2292,1667.607444693005
755,train,1947,2376,2345.0423924127563
756,train,617,1305,3786.069810721095
757,train,913,1590,1226.7920788344861
758,train,1603,1786,1000.0
759,train,4118,3045,3106.5558738675613
760,train,2729,3394,1000.0
761,train,33,669,1000.0
762,train,176,3040,6378.465980457853
763,train,1688,606,2565.9045640995846
764,train,1402,3028,1140.973288321884
765,train,1650,2219,1414.4729926578873
766,train,1612,2486,1000.0
767,train,794,748,3788.1072122617056
768,train,2766,526,1000.0
769,train,973,3614,1000.0
770,train,4141,1211,1000.0
771,train,1951,3605,1000.0
772,train,2823,1469,1000.0
773,train,485,1439,1000.0
774,train,2504,2771,1000.0
775,train,1651,3203,1000.0
776,train,285,3483,1000.0
777,train,2357,2137,1000.0
778,train,1368,3901,1000.0
779,train,723,2516,1000.0
780,train,2732,2540,4339.193195821831
781,train,3317,3493,1000.0
782,train,3496,140,3083.5846298745537
783,train,2847,3804,1000.0
784,train,1762,457,5373.948672117183
785,train,3524,2721,8048.5973667250855
786,train,672,2961,1000.0
787,train,1063,2954,1000.0
788,train,2460,3443,1000.0
789,train,156,3480,1000.0
790,train,3173,279,1000.0
791,train,3850,2241,1076.0910071734315
792,train,2983,3861,1000.0
793,train,3981,100,1000.0
794,train,3061,543,1000.0
795,train,3478,2868,1238.1481763393112
796,train,129,1105,1000.0
797,train,3648,2452,1878.778870900182
798,train,3984,156,1000.0
799,train,2182,3605,1000.0
800,train,2835,4028,9075.356724490022
801,train,769,1261,2720.4953044975455
802,train,1809,3155,7749.339980183733
803,train,3661,805,1248.3374201345107
804,train,2199,3081,1000.0
805,train,1989,609,1000.0
806,train,2072,3306,1000.0
807,train,2454,4009,1661.8684371030902
808,train,3716,1234,3506.8620702604558
809,train,3996,3174,1664.6488804409341
810,train,3642,3124,1000.0
811,train,2072,264,1000.0
812,train,407,600,1387.371208855237
813,train,205,3257,4303.72846091387
814,train,4081,166,4689.937933897356
815,train,1689,601,1000.0
816,train,2593,2476,1000.0
817,train,3583,3682,1230.0897312737636
818,train,3718,4067,2130.6041352945917
819,train,1124,2044,1019.2674488321858
820,train,2173,307,1000.0
821,train,1562,3682,1000.0
822,train,4013,3158,1306.084441108897
823,train,1031,3266,5477.893279207777
824,train,3999,1157,1000.0
825,train,715,2663,2606.185062522539
826,train,2078,897,1000.0
827,train,2474,2759,3318.2304359876102
828,train,2820,3844,1000.0
829,train,1771,1194,1000.0
830,train,2750,865,1142.1742211715925
831,train,3934,1470,2709.9426744483403
832,train,136,2230,41045.037937155554
833,train,2822,823,1072.423521515304
834,train,1599,1971,1000.0
835,train,3460,2398,1000.0
836,train,3242,3960,1425.7831952382803
837,train,2448,1404,1000.0
838,train,291,4096,1000.0
839,train,40,580,1000.0
840,train,1562,1849,1000.0
841,train,2773,564,1076.210096437053
842,train,3596,1133,1072.3776991462428
843,train,2541,3459,1000.0
844,train,553,2255,1000.0
845,train,894,4138,3777.7530171272383
846,train,3853,471,1000.0
847,train,2340,3718,1837.0586224519127
848,train,1827,3081,1187.0081208051495
849,train,1774,2646,1130.8508260877265
850,train,2928,931,1000.0
851,train,3326,2664,7437.544193363384
852,train,2103,2601,1000.0
853,train,1325,2306,1000.0
854,train,555,1173,1000.0
855,train,351,3300,1316.2705772243735
856,train,1226,3427,3269.4097300910553
857,train,3862,3210,1889.2862658266401
858,train,1913,2442,1150.0373660557902
859,train,295,29,2730.0003840037944
860,train,1332,3739,1000.0
861,train,167,3310,1000.0
862,train,3149,3860,1000.0
863,train,2875,2009,4010.8399668182433
864,train,3507,821,1000.0
865,train,3602,3884,1000.0
866,train,2515,2821,3004.75273777707
867,train,2873,3999,5138.952701504374
868,train,255,700,33622.000835585255
869,train,485,378,1000.0
870,train,557,887,3378.8660418005784
871,train,2358,1577,1180.067002155681
872,train,1767,2638,1000.0
873,train,2516,1159,1338.5494121184456
874,train,1925,1767,1000.0
875,train,2381,222,1000.0
876,train,799,2535,5427.6477954279735
877,train,2320,1964,2195.6791104058257
878,train,778,678,1000.0
879,train,3792,2740,1000.0
880,train,2713,1711,1000.0
881,train,2265,601,1545.8208716994566
882,train,1897,3272,1934.8832468762869
883,train,3915,1507,1000.0
884,train,2747,2377,1000.0
885,train,228,3762,1000.0
886,train,512,540,1000.0
887,train,3806,2942,2041.4855146340549
888,train,1746,3509,1000.0
889,train,3818,35,1252.209112566564
890,train,2203,1820,1018.4620626518406
891,train,1048,2907,1000.0
892,train,1270,1324,1125.2891565705734
893,train,9,2267,4075.987572603313
894,train,2315,2017,1766.415541728101
895,train,2455,2826,1000.0
896,train,1201,2359,5361.224526120399
897,train,4135,2261,1000.0
898,train,927,275,1000.0
899,train,1269,2051,1000.0
900,train,3936,1874,1118.2797029496285
901,train,684,360,1000.0
902,train,1673,3954,2123.5018940482264
903,train,4112,3059,1434.0124018544564
904,train,2737,939,1000.0
905,train,2203,3742,1000.0
906,train,524,1796,1000.0
907,train,2514,1017,1000.0
908,train,2642,3639,1000.0
909,train,1246,11,1896.4543012967888
910,train,1849,2270,1000.0
911,train,2069,1303,4551.121639909182
912,train,4006,1770,2405.332284057779
913,train,2698,1707,3834.0512750976113
914,train,3327,1623,1378.075684459993
915,train,2757,231,2046.6446480710617
916,train,1275,1216,1196.81835895849
917,train,121,3815,1860.590571119843
918,train,1739,3258,1000.0
919,train,3786,925,1000.0
920,train,2579,3590,2271.992384948417
921,train,1,2386,1179.3071077460231
922,train,1833,1810,11612.079658134817
923,train,3618,535,1000.0
924,train,1535,2432,4205.623825304323
925,train,2422,2311,1815.0751595427387
926,train,923,1425,19310.7045706928
927,train,1764,1062,1000.0
928,train,1623,3568,4775.559063769948
929,train,2423,217,4546.81859605967
930,train,3697,1011,1000.0
931,train,1030,3823,1000.0
932,train,2850,1291,1000.0
933,train,3910,3067,1616.3418484499225
934,train,3776,2160,1017.5406175751227
935,train,624,571,1404.7319990009491
936,train,2750,635,5926.418226345057
937,train,3956,1022,1905.9049221016683
938,train,3968,2576,1692.9575256194926
939,train,2394,4021,1000.0
940,train,2843,3194,4403.189942709618
941,train,4018,553,1000.0
942,train,227,3354,6759.293685642576
943,train,1405,1503,3667.742043910548
944,train,4029,2205,1403.5162562223213
945,train,49,1693,1000.0
946,train,633,2656,2959.094210620217
947,train,2115,2773,2995.520358917595
948,train,733,2170,1000.0
949,train,2412,831,2872.7116888013793
950,train,2282,3361,1000.0
951,train,3718,2002,2649.2964654859306
952,train,3702,3677,1000.0
953,train,655,3337,1000.0
954,train,2526,3174,1523.7697042574016
955,train,793,1389,7711.683842234903
956,train,2890,204,1000.0
957,train,2558,1820,26882.51515588158
958,train,1136,3034,1000.0
959,train,2982,2248,2788.713137524349
960,train,2822,4088,1000.0
961,train,2321,960,1000.0
962,train,3580,3853,1000.0
963,train,1657,2806,1000.0
964,train,668,3468,1000.0
965,train,385,3520,2433.302253943288
966,train,3169,2693,2384.8159373187796
967,train,566,2302,1000.0
968,train,850,886,1000.0
969,train,1088,406,1000.0
970,train,1941,903,1000.0
971,train,1698,962,2149.669827365948
972,train,2456,1221,1441.270642790213
973,train,3007,4101,1000.0
974,train,1791,2608,1000.0
975,train,2390,2862,1000.0
976,train,482,3603,1000.0
977,train,733,2067,4233.209854054331
978,train,886,3289,1000.0
979,train,558,3915,1000.0
980,train,3037,177,7499.660373381971
981,train,3600,3974,1140.216126692779
982,train,1133,2149,1000.0
983,train,2177,1476,10683.193308304446
984,train,2221,2313,1000.0
985,train,1188,27,1000.0
986,train,728,3000,1000.0
987,train,3154,4087,1432.3818292442527
988,train,3256,1437,1095.4301381391263
989,train,1142,933,1000.0
990,train,4016,657,29509.557336224512
991,train,960,3645,1000.0
992,train,1018,97,1000.0
993,train,2788,4011,2020.7527483262124
994,train,2633,3388,1123.5244756418788
995,train,3710,3737,1000.0
996,train,501,1503,1000.0
997,train,2178,1529,1000.0
998,train,3389,3999,1000.0
999,train,2455,3623,5580.37306106485
1000,train,3394,3410,1000.0
1001,train,2786,2441,1531.2285865780098
1002,train,3922,593,1048.5675370442268
1003,train,3740,2305,1316.8307719754682
1004,train,3893,1703,10606.691706284902
1005,train,1140,3214,1326.6706589655703
1006,train,2233,3137,1000.0
1007,train,607,3620,3011.223174567085
1008,train,4071,2241,1348.1592770336358
1009,train,1169,1542,2886.11380724248
1010,train,350,3207,1000.0
1011,train,2855,3483,17704.753106334683
1012,train,2397,12,1000.0
1013,train,3177,1800,2052.3794413089286
1014,train,3123,1388,1877.2153294370196
1015,train,1132,8,3304.3863394234168
1016,train,2018,3688,3244.0975994431956
1017,train,2381,1647,1000.0
1018,train,1558,3682,2847.2247149627797
1019,train,2233,2740,1000.0
1020,train,2921,1086,2058.159417107645
1021,train,1198,956,1000.0
1022,train,523,4065,2026.9890113591816
1023,train,2418,2479,1000.0
1024,train,1021,1308,1000.0
1025,train,2909,1293,4083.920805583056
1026,train,2515,1023,2023.5509647308304
1027,train,2181,1376,1208.2454270158585
1028,train,1630,2277,1000.0
1029,train,2877,4059,1000.0
1030,train,3079,1181,1866.9638434786718
1031,train,920,2721,1000.0
1032,train,403,431,1000.0
1033,train,591,3917,13829.881930086374
1034,train,3720,2190,1000.0
1035,train,184,25,1000.0
1036,train,3326,2849,1000.0
1037,train,2289,2512,2978.5556982322632
1038,train,212,712,1594.6326127110324
1039,train,304,471,5621.528528942374
1040,train,2990,2334,1000.0
1041,train,2007,1313,1770.692986180571
1042,train,91,2517,19199.598623193277
1043,train,2061,1066,6789.905377281293
1044,train,1442,1017,1641.5695175947553
1045,train,379,3764,1000.0
1046,train,1970,2125,1000.0
1047,train,44,3998,1000.0
1048,train,1146,3537,3642.446635851374
1049,train,1524,3948,6253.933300550526
1050,train,3556,3395,1000.0
1051,train,15,3161,1841.8534974443269
1052,train,3916,2462,1000.0
1053,train,1417,2000,1452.0240124710901
1054,train,539,362,1000.0
1055,train,1861,3325,1000.0
1056,train,3773,4025,1000.0
1057,train,576,1573,1000.0
1058,train,2584,1749,1000.0
1059,train,3130,1242,1000.0
1060,train,292,3861,1000.0
1061,train,1551,3999,3351.7788835291735
1062,train,3653,60,1000.0
1063,train,150,702,7378.459060844079
1064,train,3808,2390,1000.0
1065,train,2856,3653,6726.55863226314
1066,train,1120,1533,1124.3486339910683
1067,train,1360,2515,1000.0
1068,train,2272,35,4804.978350555749
1069,train,1639,2173,1000.0
1070,train,2564,4000,2149.4934231944217
1071,train,2159,2690,1000.0
1072,train,2054,176,1000.0
1073,train,3019,812,1000.0
1074,train,545,2778,1000.0
1075,train,1826,3386,1235.24373091466
1076,train,882,4134,1000.0
1077,train,1164,356,1417.0987039113288
1078,train,914,3591,1794.5601040478198
1079,train,2244,1447,1000.0
1080,train,3208,2522,1000.0
1081,train,2265,679,1000.0
1082,train,1528,1409,1000.0
1083,train,3219,960,6467.38311499109
1084,train,3167,1973,1000.0
1085,train,1958,1493,7656.1817281391195
1086,train,2306,3313,1804.3390020781874
1087,train,3624,2841,1000.0
1088,train,798,2260,1000.0
1089,train,1537,86,1000.0
1090,train,2414,453,1000.0
1091,train,224,3418,1000.0
1092,train,3144,73,6164.933169225991
1093,train,2154,2736,1903.8055991870465
1094,train,1256,949,1000.0
1095,train,2356,2277,1000.0
1096,train,1361,2066,1315.3778762490447
1097,train,2313,4094,1682.7054428741124
1098,train,724,262,1000.0
1099,train,1517,776,2505.5099001258154
1100,train,2660,3221,1000.0
1101,train,3264,721,1161.1537060699916
1102,train,2289,1287,1000.0
1103,train,3969,1175,5348.994547524238
1104,train,1200,3726,1000.0
1105,train,2245,3319,1000.0
1106,train,2777,842,1000.0
1107,train,3,3595,1000.0
1108,train,321,3394,1000.0
1109,train,2442,4054,1000.0
1110,train,1557,64,6108.566909238161
1111,train,1519,3335,2320.647714460566
1112,train,3554,1691,3763.555765967403
1113,train,2114,1941,3895.6787513525683
1114,train,1045,1594,2650.359310714266
1115,train,39,3954,1000.0
1116,train,305,3404,4066.214754717195
1117,train,1095,1871,2294.206876447487
1118,train,589,3012,3106.7219956665476
1119,train,2960,319,1000.0
1120,train,555,3853,1000.0
1121,train,2902,635,1000.0
1122,train,3409,210,2720.63354912252
1123,train,2181,3301,2116.4091808754574
1124,train,378,2969,1000.0
1125,train,1656,2666,2059.95809567505
1126,train,2369,166,1000.0
1127,train,333,3695,1000.0
1128,train,1248,1345,1649.0495760982303
1129,train,2190,1030,1014.1417723258612
1130,train,614,1610,1000.0
1131,train,879,281,1000.0
1132,train,1907,578,4180.71332924439
1133,train,3570,3821,1000.0
1134,train,101,390,2107.2235148352643
1135,train,975,1256,1000.0
1136,train,111,2822,1000.0
1137,train,2980,2743,1151.7848684040632
1138,train,1596,4020,1435.9588603605462
1139,train,334,1079,1000.0
1140,train,3726,3710,1000.0
1141,train,964,3600,1009.4132066371645
1142,train,1517,2695,2756.1381979261214
1143,train,3454,524,2992.5522033594207
1144,train,2457,3603,2407.942172821
1145,train,296,1939,1011.9966115984248
1146,train,355,568,12204.98955583717
1147,train,1296,1520,25587.529590911217
1148,train,550,3804,3531.2339653725503
1149,train,1806,2128,1898.8494155758704
1150,train,2882,2877,1349.6887267611248
1151,train,2322,3094,1102.9841895111376
1152,train,933,1339,2126.579359493535
1153,train,1483,1679,1000.0
1154,train,1516,54,1000.0
1155,train,2007,2814,3556.508358463525
1156,train,583,1719,5923.990020965927
1157,train,1614,2803,1000.0
1158,train,2524,1411,1178.231700197674
1159,train,1706,1912,1000.0
1160,train,2954,3192,1000.0
1161,train,526,1488,1000.0
1162,train,1822,1744,7301.7023723401135
1163,train,332,3520,2104.1574931724736
1164,train,2369,1551,1000.0
1165,train,1632,1840,1164.2467416771153
1166,train,3059,2261,1000.0
1167,train,1201,518,1674.1926563476984
1168,train,628,1417,2659.3955297811
1169,train,2650,3389,1000.0
1170,train,3808,1372,1202.200595071606
1171,train,794,385,1000.0
1172,train,911,2497,1000.0
1173,train,3046,490,1000.0
1174,train,568,2154,1000.0
1175,train,3602,459,1107.608260596506
1176,train,3840,1742,1000.0
1177,train,1634,178,3771.9381820044973
1178,train,2957,3898,1054.9928888237914
1179,train,3858,1112,1026.3907047655082
1180,train,2560,3844,1000.0
1181,train,3276,1824,1000.0
1182,train,2912,2863,12528.137692119091
1183,train,2878,3520,10807.502570281944
1184,train,2217,1697,1000.0
1185,train,1313,35,1000.0
1186,train,2723,891,3215.9469778227726
1187,train,3331,2012,1433.136857008787
1188,train,3149,1918,1000.0
1189,train,4035,1998,4625.758274006172
1190,train,661,1574,1000.0
1191,train,4111,3391,6347.8430085548125
1192,train,3087,1537,8460.923948852624
1193,train,383,2954,1032.2938227418017
1194,train,4022,1619,1343.5449929968806
1195,train,2753,1645,1731.8802213915478
1196,train,190,1093,1000.0
1197,train,1353,2772,1000.0
1198,train,1118,510,1000.0
1199,train,1341,2180,1159.4426725241774
1200,train,2333,1781,1000.0
1201,train,2767,213,1485.5219316938562
1202,train,286,1566,1000.0
1203,train,2330,3354,1000.0
1204,train,1743,1275,3805.584659212077
1205,train,2256,3474,1000.0
1206,train,3064,1676,1511.9471186959195
1207,train,3081,76,1000.0
1208,train,1808,143,1000.0
1209,train,2910,2689,1000.0
1210,train,1028,1760,1400.8426298024822
1211,train,4117,2584,1000.0
1212,train,960,1156,1334.5279195223031
1213,train,1629,767,2300.0890584801678
1214,train,108,1259,22360.354980349344
1215,train,1110,3259,1000.0
1216,train,3630,1019,2901.6566845188054
1217,train,3992,858,5071.971032879454
1218,train,217,1191,1000.0
1219,train,3964,2865,1000.0
1220,train,4124,1151,1000.0
1221,train,582,293,21492.488771504904
1222,train,3183,896,1166.798205030991
1223,train,691,1784,1000.0
1224,train,1016,2777,1635.962180712485
1225,train,4092,4041,1000.0
1226,train,2442,291,7039.989107758593
1227,train,2919,532,1000.0
1228,train,2596,1804,1000.0
1229,train,2002,4104,1000.0
1230,train,1455,2393,1000.0
1231,train,492,1085,1000.0
1232,train,1300,1929,1882.9959734329823
1233,train,1463,1665,1000.0
1234,train,2149,2219,5142.902499682051
1235,train,1580,824,1000.0
1236,train,633,3390,1000.0
1237,train,1092,4131,1973.2795187924432
1238,train,43,1717,3649.5955078418106
1239,train,2281,3522,1000.0
1240,train,3805,3158,1000.0
1241,train,3010,2690,1000.0
1242,train,691,3063,4627.3581227858185
1243,train,659,181,24862.280084502963
1244,train,3447,1980,1005.3872065423304
1245,train,3083,1847,1760.9089847295306
1246,train,3925,2232,3054.9397651817294
1247,train,2085,1991,1000.0
1248,train,1845,3887,1000.0
1249,train,3246,2970,1000.0
1250,train,1826,3873,1000.0
1251,train,1915,2822,1347.5639403851599
1252,train,58,1493,2614.6332349977647
1253,train,610,1070,1000.0
1254,train,2360,1323,5000.852470175801
1255,train,1687,2800,3382.4153571515353
1256,train,3828,4012,1000.0
1257,train,1502,3243,1000.0
1258,train,1708,3918,1000.0
1259,train,3906,3576,2760.8416165830686
1260,train,2454,1267,1059.7740926323697
1261,train,2544,817,1186.8917974024944
1262,train,2539,1700,1357.5151406501031
1263,train,724,3705,8172.518729711472
1264,train,2789,1174,2647.0823985073457
1265,train,3842,3137,1000.0
1266,train,2680,1818,1542.8227838917044
1267,train,1553,1170,2444.76310793257
1268,train,1177,631,2061.845932674884
1269,train,3519,455,1710.453968248227
1270,train,3834,862,2384.389199904157
1271,train,2528,2444,1069.703736854524
1272,train,4077,3540,1000.0
1273,train,673,124,3996.3870966816407
1274,train,2263,1027,1000.0
1275,train,4132,1167,1000.0
1276,train,493,3098,1000.0
1277,train,1584,233,2963.2878328681013
1278,train,1553,342,1364.644656753021
1279,train,34,1940,1000.0
1280,train,3041,2188,1000.0
1281,train,3430,2812,32242.7236227381
1282,train,774,2710,1000.0
1283,train,1280,4133,2035.3486732035888
1284,train,3776,1304,1000.0
1285,train,1711,301,1000.0
1286,train,3998,3109,1000.0
1287,train,2743,3144,2447.8135836300257
1288,train,3939,2361,2745.1892291530185
1289,train,295,48,3071.032343943171
1290,train,1957,2897,1638.9082005443786
1291,train,624,2952,1000.0
1292,train,2475,2665,2452.526799277648
1293,train,2544,358,1000.0
1294,train,913,1427,1000.0
1295,train,3881,2930,1000.0
1296,train,2071,2332,1000.0
1297,train,1789,3153,1000.0
1298,train,3892,1754,1000.0
1299,train,1228,3559,4538.26399330706
1300,train,3841,3770,1746.571997803843
1301,train,451,1355,1865.6279330968114
1302,train,1965,389,1000.0
1303,train,2079,3415,1000.0
1304,train,994,1785,3751.178895492968
1305,train,3222,2015,1000.0
1306,train,1662,2501,3678.0552963213377
1307,train,1700,1690,1117.375683450991
1308,train,126,660,1393.2047334306433
1309,train,3285,3344,1000.0
1310,train,500,2179,1000.0
1311,train,2773,4038,1000.0
1312,train,3209,2966,1000.0
1313,train,3092,2236,1000.0
1314,train,1683,41,2621.2893029148804
1315,train,3268,3676,1000.0
1316,train,591,1245,1401.3054903727702
1317,train,553,3489,1878.848945932254
1318,train,2598,2154,1000.0
1319,train,728,3205,1273.265615223583
1320,train,1175,3317,1000.0
1321,train,1705,3887,1000.0
1322,train,3800,2798,8478.99749854217
1323,train,4008,343,1000.0
1324,train,1115,943,1536.7585910080404
1325,train,454,1979,1000.0
1326,train,1701,3546,1000.0
1327,train,4033,3867,1000.0
1328,train,2982,520,1000.0
1329,train,2758,2687,1000.0
1330,train,2242,2226,1000.0
1331,train,2307,1152,1000.0
1332,train,2582,2008,1000.0
1333,train,1166,218,1000.0
1334,train,1790,113,4035.923634898673
1335,train,1105,711,1000.0
1336,train,1432,1422,1000.0
1337,train,981,2595,1000.0
1338,train,1031,1245,1000.0
1339,train,3580,2617,1217.7477359495297
1340,train,4129,2967,3391.41265960008
1341,train,2511,4141,55426.94533058966
1342,train,647,3593,2497.3235955114837
1343,train,3220,3422,1000.0
1344,train,3806,2313,1000.0
1345,train,295,57,4111.101535871699
1346,train,1997,1806,1000.0
1347,train,739,206,2734.800623877206
1348,train,1841,1864,1240.0728161839074
1349,train,1063,2245,3264.582696633933
1350,train,1051,1668,1086.9524284343904
1351,train,1782,336,1000.0
1352,train,2225,2244,1000.0
1353,train,181,873,1075.8029887474872
1354,train,3118,1195,1885.8691120582453
1355,train,3714,1887,1000.0
1356,train,2819,2369,8969.401499067106
1357,train,1776,2755,1000.0
1358,train,440,578,1259.6935183872201
1359,train,2906,241,1000.0
1360,train,2431,2300,2925.2274527800832
1361,train,3732,2089,1000.0
1362,train,2548,3857,5143.865531552399
1363,train,1244,2398,1000.0
1364,train,3511,489,1000.0
1365,train,2533,1151,1000.0
1366,train,1041,579,1039.779321830642
1367,train,1408,898,1482.9486702240345
1368,train,1699,698,1000.0
1369,train,4047,2986,1000.0
1370,train,1592,2435,2254.1557435623363
1371,train,3662,2833,1000.0
1372,train,928,1312,1525.5425762272746
1373,train,2459,1101,1000.0
1374,train,1266,2673,1000.0
1375,train,2973,3531,1000.0
1376,train,1894,2333,1000.0
1377,train,1191,331,1000.0
1378,train,2556,1213,1000.0
1379,train,3378,16,1000.0
1380,train,1461,2348,2922.4410892310966
1381,train,976,2792,3925.176501215133
1382,train,313,1852,2515.723472808784
1383,train,541,3812,1000.0
1384,train,0,3495,1000.0
1385,train,52,2492,1000.0
1386,train,3530,2674,1000.0
1387,train,262,4076,1161.45180401368
1388,train,3613,2876,4937.764403328484
1389,train,3017,549,1000.0
1390,train,3520,2374,38814.02650826733
1391,train,949,3356,1640.6262499781005
1392,train,851,2878,2801.7931843342335
1393,train,575,3443,6199.765694937042
1394,train,1144,538,1000.0
1395,train,3317,3727,1000.0
1396,train,2665,3066,12213.19155102042
1397,train,363,2571,1062.3326688568675
1398,train,1173,181,4211.4549379505825
1399,train,491,2136,1000.0
1400,train,946,2831,1000.0
1401,train,1765,3794,2497.892680623315
1402,train,1507,272,6688.160795023499
1403,train,4061,2908,1359.6421860470466
1404,train,1439,462,2728.8353884975054
1405,train,2126,3075,1000.0
1406,train,3951,1990,1894.3738597599972
1407,train,799,1289,5877.877440296209
1408,train,58,3863,3378.1240550494067
1409,train,3939,3859,1000.0
1410,train,3148,1073,1000.0
1411,train,3762,2035,1000.0
1412,train,3743,3942,1024.200676173379
1413,train,1892,3574,3177.676056878496
1414,train,1434,4114,3116.296124346108
1415,train,3083,1102,2592.9108492977034
1416,train,3664,3819,1000.0
1417,train,3352,467,1000.0
1418,train,1286,3511,6508.15741772507
1419,train,1145,2542,3685.9163983889152
1420,train,2303,1719,2166.4660134785436
1421,train,1631,3622,5577.700877154103
1422,train,292,142,1233.6559129202703
1423,train,3792,1556,1000.0
1424,train,231,3955,1000.0
1425,train,3720,3796,1000.0
1426,train,4075,2907,1590.078168179676
1427,train,582,2052,1786.7517876456845
1428,train,3838,719,2348.7049349441
1429,train,83,1668,1053.836513146036
1430,train,3137,3486,1000.0
1431,train,2244,3635,1648.9526172978967
1432,train,1159,3643,1000.0
1433,train,613,3072,1000.0
1434,train,3082,461,1845.2699759203772
1435,train,1489,1891,3383.0572018582884
1436,train,3255,1600,1000.0
1437,train,3864,1099,1580.2828343784145
1438,train,916,1702,1000.0
1439,train,3137,3975,8061.731805400582
1440,train,452,1148,2093.793719383872
1441,train,3912,945,1000.0
1442,train,46,2299,3336.4677505077007
1443,train,3253,3225,1000.0
1444,train,927,3001,1000.0
1445,train,1456,1191,1158.796190474127
1446,train,1190,644,6023.465271621905
1447,train,2333,1459,2540.9880333239953
1448,train,3716,3909,3022.60540097713
1449,train,4127,818,2774.416834250785
1450,train,2043,1373,1000.0
1451,train,1889,561,1000.0
1452,train,3585,2269,2064.4185144063354
1453,train,1911,2108,2312.9452122947023
1454,train,2489,2241,1000.0
1455,train,732,1136,14041.793493244028
1456,train,3168,493,1000.0
1457,train,1585,1676,1000.0
1458,train,2155,983,1790.6609330002814
1459,train,1206,993,25548.038090326692
1460,train,816,3392,1000.0
1461,train,1124,3013,3520.909264681423
1462,train,3150,3226,6656.68790787911
1463,train,1934,2943,2851.7427021367116
1464,train,2839,3336,2780.0579609043684
1465,train,3327,2323,2313.2338808963227
1466,train,2755,2307,1000.0
1467,train,2700,777,1188.4335936128532
1468,train,2803,678,4707.098546869868
1469,train,2305,252,1572.4956145171698
1470,train,1717,2765,1000.0
1471,train,937,1297,3926.299392379196
1472,train,410,948,1062.0520726368054
1473,train,2427,2126,4928.44311185224
1474,train,1160,3481,4701.026468990612
1475,train,1512,2543,1000.0
1476,train,2975,1430,1000.0
1477,train,2213,484,1361.4353327369427
1478,train,4122,207,8707.710315786419
1479,train,95,687,1000.0
1480,train,1782,1829,6359.970216272895
1481,train,3045,3353,5915.77189060445
1482,train,1360,536,1396.128220692586
1483,train,2053,2623,2546.757445248082
1484,train,979,3222,1000.0
1485,train,2993,1273,1000.0
1486,train,2526,4032,1687.3731648114815
1487,train,1944,512,1505.567942229064
1488,train,1417,1077,1012.4953952975058
1489,train,3312,621,1000.0
1490,train,2907,1368,1983.1915773617457
1491,train,2248,2878,1000.0
1492,train,553,117,1000.0
1493,train,705,550,1000.0
1494,train,1689,2042,2075.0878725555394
1495,train,3455,231,1000.0
1496,train,2525,3079,1000.0
1497,train,3855,2957,30399.628311680375
1498,train,663,54,1000.0
1499,train,2189,154,1000.0
1500,train,3241,863,1000.0
1501,train,1521,1902,1000.0
1502,train,3041,822,1000.0
1503,train,2662,3463,1000.0
1504,train,1623,3282,1000.0
1505,train,1025,758,1000.0
1506,train,2994,1106,2383.7078525556885
1507,train,1280,3673,1110.4775058891078
1508,train,1621,2390,2717.9875973265252
1509,train,2390,2605,1807.3975084209856
1510,train,1116,3231,2472.761291669982
1511,train,2583,2351,3269.3670606760734
1512,train,2578,2310,1345.813800549858
1513,train,1988,2509,1442.9855387501414
1514,train,2955,3756,2488.689059849787
1515,train,2835,1556,1000.0
1516,train,272,3675,1000.0
1517,train,1899,254,1000.0
1518,train,963,3667,1000.0
1519,train,3739,577,2273.5582357494213
1520,train,706,4139,1000.0
1521,train,4101,1951,1000.0
1522,train,2908,1484,1000.0
1523,train,2212,3707,2678.1058954305527
1524,train,1166,1888,1000.0
1525,train,2277,3546,1675.549352222354
1526,train,3965,2166,2683.711626055329
1527,train,1705,2755,2154.1942266392325
1528,train,552,2806,3327.12629120604
1529,train,4007,1137,3339.4613131987608
1530,train,4100,1477,1000.0
1531,train,1385,3663,2033.820410721194
1532,train,346,318,1000.0
1533,train,952,2344,1000.0
1534,train,909,2133,1000.0
1535,train,438,2502,5796.102939379351
1536,train,336,3783,1000.0
1537,train,472,3971,10130.949099800624
1538,train,3348,2570,7488.310659800395
1539,train,39,1816,2557.070383281819
1540,train,1132,319,2239.1638075795527
1541,train,1806,3293,1000.0
1542,train,3328,3967,1000.0
1543,train,1095,438,1000.0
1544,train,4121,1816,1000.0
1545,train,3824,1676,1229.767484897209
1546,train,2209,1325,1415.9523901976806
1547,train,1215,1605,1000.0
1548,train,1277,3456,1000.0
1549,train,2553,2178,1000.0
1550,train,1287,825,1000.0
1551,train,2647,2560,4960.830787767837
1552,train,976,3288,1000.0
1553,train,3316,2362,3035.91183346151
1554,train,1986,2765,1000.0
1555,train,3542,3826,16223.825508594657
1556,train,989,396,6426.492601162188
1557,train,1007,95,2120.392879268485
1558,train,1259,3103,1000.0
1559,train,2826,932,1000.0
1560,train,797,177,1118.2878211695909
1561,train,3810,660,1000.0
1562,train,2795,2933,1000.0
1563,train,1761,2306,1000.0
1564,train,3924,2301,1126.3523144023143
1565,train,983,1725,1000.0
1566,train,729,2272,1670.7199686737786
1567,train,1867,2752,2530.3253039728306
1568,train,3291,1060,1000.0
1569,train,707,2364,1720.4433924999921
1570,train,2229,2056,2078.6430400721456
1571,train,1123,3316,1000.0
1572,train,2023,2134,1000.0
1573,train,3023,4009,1000.0
1574,train,2136,4012,1000.0
1575,train,345,1773,1000.0
1576,train,1083,1820,4985.42053976832
1577,train,2826,1555,1075.7158450288143
1578,train,1315,534,1000.0
1579,train,1220,1386,1000.0
1580,train,2462,508,1000.0
1581,train,2786,250,1000.0
1582,train,2239,2032,1000.0
1583,train,3450,3925,2304.8423756643915
1584,train,451,2011,1000.0
1585,train,2279,1693,24051.881265336568
1586,train,2241,3520,1000.0
1587,train,3784,3113,5802.982924552768
1588,train,3990,324,1000.0
1589,train,2603,2305,1000.0
1590,train,2499,341,1333.4743510798137
1591,train,567,684,1521.9740895095722
1592,train,659,3991,2376.3911827389084
1593,train,878,3494,3173.5942623492147
1594,train,678,3349,1000.0
1595,train,2541,192,1000.0
1596,train,3438,928,4174.268744403073
1597,train,1671,1695,1311.5956591974987
1598,train,3329,820,1092.568397536932
1599,train,2001,2728,1161.5265694657392
1600,train,2489,41,1293.1118104597288
1601,train,2961,3443,4993.643004373424
1602,train,3022,3737,1000.0
1603,train,413,2653,1000.0
1604,train,3975,3629,1000.0
1605,train,3570,2008,1034.3267660257845
1606,train,1743,1249,3590.2145368360843
1607,train,1004,3458,1000.0
1608,train,3468,359,1958.3212748298943
1609,train,2451,2614,1000.0
1610,train,2555,3709,1000.0
1611,train,64,2569,1000.0
1612,train,3189,52,1356.5900773641529
1613,train,873,3945,1000.0
1614,train,3144,2471,1000.0
1615,train,3300,701,2739.561696726566
1616,train,2446,2675,1000.0
1617,train,3989,1695,1000.0
1618,train,3864,2792,1771.6320018107274
1619,train,2387,3950,1000.0
1620,train,3337,3523,1000.0
1621,train,989,3363,2186.8547912876897
1622,train,973,1120,1000.0
1623,train,1352,1146,1000.0
1624,train,2660,2476,1426.63372898343
1625,train,2381,713,6415.54331027959
1626,train,982,1563,1841.5465508134812
1627,train,2638,57,4554.7689206009545
1628,train,2794,32,2442.5431426670493
1629,train,2406,3343,1248.873516053526
1630,train,4107,129,3517.7287532138466
1631,train,1840,2284,1006.7651642934293
1632,train,1550,1496,1000.0
1633,train,416,1134,1000.0
1634,train,105,468,2282.163358885203
1635,train,3547,1220,1290.865581169847
1636,train,2434,1917,2145.6337435222385
1637,train,172,316,1000.0
1638,train,1647,1178,1000.0
1639,train,3434,3277,1000.0
1640,train,1866,3137,1000.0
1641,train,1101,3815,1000.0
1642,train,486,2160,1000.0
1643,train,2163,3829,1082.5499381151778
1644,train,162,1077,1680.0678288031365
1645,train,3898,773,2103.7562568881967
1646,train,2546,87,1000.0
1647,train,1990,1542,2528.1772819459347
1648,train,2741,1743,1374.9549887907476
1649,train,2965,1130,1000.0
1650,train,767,1007,1715.7728102560263
1651,train,975,2873,1000.0
1652,train,2400,507,1000.0
1653,train,1904,95,1000.0
1654,train,400,3095,1000.0
1655,train,207,3933,1000.0
1656,train,3865,2928,4220.613688663841
1657,train,1062,3220,1106.5131243169644
1658,train,4063,2388,1000.0
1659,train,3580,1321,1000.0
1660,train,3835,538,19288.33089864596
1661,train,2262,2191,1000.0
1662,train,3649,2635,1000.0
1663,train,3654,3185,2895.1157360665966
1664,train,3036,1438,2084.2787030344
1665,train,2376,2365,1000.0
1666,train,4056,2538,2741.4253629188875
1667,train,2988,1613,5256.220054577726
1668,train,3215,3495,2067.6285967998233
1669,train,1522,1832,1000.0
1670,train,1417,2557,1000.0
1671,train,2603,698,3550.381270674236
1672,train,2299,2784,1000.0
1673,train,1284,3758,1000.0
1674,train,3741,2351,1000.0
1675,train,4060,685,1000.0
1676,train,853,3043,3752.1557891343273
1677,train,2850,793,1575.7059010764306
1678,train,2491,2351,1000.0
1679,train,2537,2957,1299.7277317600508
1680,train,3470,3161,1000.0
1681,train,2829,1971,1000.0
1682,train,2441,228,6334.660955756108
1683,train,188,1646,1130.4504745124086
1684,train,3750,2749,1000.0
1685,train,2551,4021,6625.152915870555
1686,train,2565,2402,1000.0
1687,train,219,530,1599.2859514194847
1688,train,3083,225,1809.0753108322301
1689,train,1642,1578,1000.0
1690,train,1742,294,1000.0
1691,train,1716,3700,1000.0
1692,train,3853,2150,1924.652388019187
1693,train,2331,2933,2201.567188577441
1694,train,1155,1332,1000.0
1695,train,3335,2630,1000.0
1696,train,98,657,1549.0019473743043
1697,train,1082,3666,1000.0
1698,train,2045,22,1000.0
1699,train,1706,2523,1000.0
1700,train,227,908,1000.0
1701,train,2052,2535,15771.073652008412
1702,train,180,928,2115.2562197139364
1703,train,1564,2764,5263.463390132631
1704,train,2665,870,1000.0
1705,train,1099,925,1512.5221621082262
1706,train,2254,2463,2019.383675727325
1707,train,208,2452,6088.661896519094
1708,train,2358,3420,3170.908480752293
1709,train,253,3803,1000.0
1710,train,3314,3057,2054.5137796211707
1711,train,1908,1628,1000.0
1712,train,763,2097,1860.106502448772
1713,train,94,2380,1000.0
1714,train,522,2641,70269.22658978868
1715,train,2078,1426,1000.0
1716,train,3227,2758,12618.710583484368
1717,train,3692,2233,3242.6603037383984
1718,train,3376,591,1000.0
1719,train,988,3666,4943.741388866144
1720,train,449,3068,1341.7039532489246
1721,train,4095,2163,2300.256582975513
1722,train,2630,2099,1000.0
1723,train,246,3010,1000.0
1724,train,3565,658,1000.0
1725,train,4018,1783,1917.5667672672996
1726,train,152,542,1000.0
1727,train,1768,2727,1872.177343852348
1728,train,1119,1796,3580.1139814491066
1729,train,3435,2943,4275.266570054935
1730,train,1929,1278,1461.3440547027315
1731,train,1241,2508,1000.0
1732,train,3003,2577,1000.0
1733,train,3749,3640,1561.1790841643813
1734,train,3189,3096,1000.0
1735,train,2880,2046,1670.2599078826577
1736,train,3013,3964,1000.0
1737,train,1164,1564,1000.0
1738,train,1230,1070,6240.0206865011905
1739,train,626,1861,2821.354137682835
1740,train,1510,3868,9025.101069142183
1741,train,3519,1963,1000.0
1742,train,1428,348,1000.0
1743,train,1698,99,1000.0
1744,train,3113,684,1797.5299433673222
1745,train,1707,4029,1000.0
1746,train,3423,3411,1000.0
1747,train,814,3181,1000.0
1748,train,1336,836,1000.3511969698541
1749,train,2118,1817,15167.725017292485
1750,train,1300,1598,1528.349853820607
1751,train,3314,510,1058.1107765165439
1752,train,1727,3153,1000.0
1753,train,2047,2595,1000.0
1754,train,2863,3942,1000.0
1755,train,1006,2334,1000.0
1756,train,3940,2030,1000.0
1757,train,3491,3799,1847.0918677692282
1758,train,768,1556,10891.293632769506
1759,train,562,3279,7294.56141303487
1760,train,3965,556,1000.0
1761,train,2413,977,1000.0
1762,train,408,1712,1000.0
1763,train,2500,573,1000.0
1764,train,3835,3577,1593.6029345033214
1765,train,2677,3125,1000.0
1766,train,2723,2288,1000.0
1767,train,1745,3446,1122.5649525598599
1768,train,2336,1974,1000.0
1769,train,2631,3954,1000.0
1770,train,888,2568,1581.227187236209
1771,train,796,2714,1000.0
1772,train,1057,2417,3523.1754220818743
1773,train,3537,524,1000.0
1774,train,2812,2619,1000.0
1775,train,579,3619,1000.0
1776,train,4063,2323,1000.0
1777,train,3713,3468,1000.0
1778,train,2128,3938,12530.816231256238
1779,train,596,2217,1853.8438118595877
1780,train,973,2141,1000.0
1781,train,251,850,2212.897068469647
1782,train,1829,3925,1267.575447214195
1783,train,4081,1526,1000.0
1784,train,444,2328,1384.5663341406757
1785,train,500,1218,1000.0
1786,train,846,857,1000.0
1787,train,3330,2010,1000.0
1788,train,454,430,5212.480333170785
1789,train,2118,1728,1374.6637681185907
1790,train,4065,1614,6403.468509323559
1791,train,1681,348,2638.851238489416
1792,train,2766,3039,1000.0
1793,train,2813,1651,1499.0508657785597
1794,train,2894,814,4496.249864847373
1795,train,2442,1653,1000.0
1796,train,2569,1999,2574.856493063467
1797,train,1572,1722,1000.0
1798,train,276,3119,1000.0
1799,train,1074,1815,1988.689226180666
1800,train,2145,1920,11945.242014998219
1801,train,1624,2622,1000.0
1802,train,1957,2414,1000.0
1803,train,1348,3649,1000.0
1804,train,1369,2966,1140.7650932192123
1805,train,240,1837,1735.8940420531662
1806,train,3697,374,1008.7933305058218
1807,train,547,3519,1000.0
1808,train,779,2874,2152.8775017198795
1809,train,2162,1606,1000.0
1810,train,1710,446,1317.5155598159058
1811,train,664,2748,1000.0
1812,train,1829,2986,3603.9348493215316
1813,train,3311,3294,1000.0
1814,train,2373,2016,1000.0
1815,train,422,274,1000.0
1816,train,1121,3655,1000.0
1817,train,129,3855,1397.9465888196926
1818,train,1080,2130,1658.804244950346
1819,train,1296,828,1000.0
1820,train,82,339,1079.8491256795407
1821,train,3425,12,9042.14217860025
1822,train,2732,3930,1000.0
1823,train,3872,2999,1000.0
1824,train,2559,3630,1522.7296798002417
1825,train,1038,1756,1000.0
1826,train,2261,3230,1000.0
1827,train,1,1386,4101.251716673292
1828,train,2226,1752,1000.0
1829,train,856,219,2649.618588056288
1830,train,580,2278,2197.1976804287738
1831,train,3416,2502,1000.0
1832,train,305,4086,1126.0116813091183
1833,train,2755,543,2862.9504956803166
1834,train,64,1378,1000.0
1835,train,595,574,2775.8197383711918
1836,train,3603,1758,1000.0
1837,train,1955,1564,3861.3995385808716
1838,train,3393,1931,1278.035652197751
1839,train,2318,2495,6429.6509238506
1840,train,923,2603,10303.682062261458
1841,train,825,143,1000.0
1842,train,1398,3083,1478.3534051998395
1843,train,2242,993,2454.012680998768
1844,train,1215,2559,1000.0
1845,train,3305,1848,2083.653835269188
1846,train,325,1135,1000.0
1847,train,3010,974,1194.4113359693922
1848,train,267,1136,1000.0
1849,train,790,499,1593.3814343756123
1850,train,4141,1679,1596.198633837853
1851,train,2657,3270,2798.1223745126513
1852,train,3089,3153,1000.0
1853,train,2576,1498,1000.0
1854,train,2048,3662,1918.5521734413264
1855,train,1910,1858,1000.0
1856,train,792,2999,1785.5149353907668
1857,train,309,2661,8455.441507606238
1858,train,2871,2429,1498.98028638744
1859,train,233,3150,3887.7845161669975
1860,train,1662,2687,1000.0
1861,train,208,1570,2689.1608241077124
1862,train,1159,256,1213.3032863739024
1863,train,1236,4043,1000.0
1864,train,951,2126,7043.3396121909545
1865,train,2071,1217,1000.0
1866,train,3159,3509,1366.2817054644006
1867,train,3431,966,2675.814658659612
1868,train,2343,3123,1536.3346864757184
1869,train,2819,2338,11676.71503987487
1870,train,744,994,1000.0
1871,train,628,1705,1000.0
1872,train,4073,654,5398.787306278168
1873,train,1000,1516,1000.0
1874,train,3820,1362,1000.0
1875,train,1281,483,1000.0
1876,train,3443,3565,1000.0
1877,train,2248,1506,2155.767256177013
1878,train,3922,1157,1091.6506798375103
1879,train,3640,1548,10928.265562816023
1880,train,1996,2746,2782.1103953621814
1881,train,969,3667,1000.0
1882,train,3802,2996,1000.0
1883,train,3816,1586,1502.6158444508999
1884,train,274,411,1000.0
1885,train,647,3290,1000.0
1886,train,3928,377,3143.0714862846544
1887,train,2308,3171,1000.0
1888,train,1368,75,1000.0
1889,train,1497,248,1000.0
1890,train,1914,89,1741.7539522089937
1891,train,3341,4075,1208.2112513223394
1892,train,2544,2003,1095.975788752475
1893,train,873,543,1000.0
1894,train,3337,103,2089.7863951139375
1895,train,2875,1965,26494.079681971765
1896,train,3072,989,2811.774885205147
1897,train,113,3287,1000.0
1898,train,953,2219,1000.0
1899,train,3522,3951,1217.7100213975184
1900,train,4010,446,1643.248124460758
1901,train,3352,193,1000.0
1902,train,543,2989,1140.1638677209946
1903,train,971,3159,1000.0
1904,train,1424,3607,1000.0
1905,train,3862,1483,1000.0
1906,train,1581,2732,1463.7470919959417
1907,train,920,3295,1000.0
1908,train,1094,2766,2537.183129829846
1909,train,3215,2046,4066.818153026261
1910,train,689,3678,1000.0
1911,train,3075,2437,1417.460208221132
1912,train,1491,922,1731.2482149352918
1913,train,1867,2105,1000.0
1914,train,3445,549,1000.0
1915,train,1128,379,1000.0
1916,train,579,4091,3093.046473760261
1917,train,3589,3129,1452.9484745527309
1918,train,652,3625,1000.0
1919,train,1033,1280,1000.0
1920,train,1300,1790,1000.0
1921,train,717,2348,1525.4770122455488
1922,train,66,3541,1000.0
1923,train,2174,1785,1000.0
1924,train,3566,2684,1000.0
1925,train,3617,3592,2878.4011459528647
1926,train,3197,2984,1000.0
1927,train,1025,104,1000.0
1928,train,2808,1357,2662.260793749427
1929,train,3492,3798,1000.0
1930,train,2323,2708,1384.6124502210737
1931,train,2104,516,1000.0
1932,train,961,105,1244.4175003732266
1933,train,1540,368,1000.0
1934,train,3855,1405,41046.88697658707
1935,train,3936,1253,8070.936283562002
1936,train,2402,1428,1000.0
1937,train,530,3558,1000.0
1938,train,1039,437,1000.0
1939,train,3537,1209,2339.9560969345557
1940,train,1816,4028,1000.0
1941,train,399,2245,1000.0
1942,train,3683,2824,4930.687795694159
1943,train,377,2811,1502.4773155837488
1944,train,2300,2342,1000.0
1945,train,1365,3089,13138.672733046687
1946,train,2082,1769,1000.0
1947,train,240,3726,1000.0
1948,train,1024,1919,1576.608856689542
1949,train,3924,2177,1797.7375466952913
1950,train,2892,1768,1033.3869209145298
1951,train,1303,3162,1000.0
1952,train,162,3570,1000.0
1953,train,1580,2448,1000.0
1954,train,1568,3984,1091.2626742641403
1955,train,1975,1258,1000.0
1956,train,3616,3312,1000.0
1957,train,1559,1206,1000.0
1958,train,3235,1287,1000.0
1959,train,3117,1818,6757.418198880648
1960,train,1344,877,1000.0
1961,train,1556,3237,1000.0
1962,train,3572,406,1000.0
1963,train,2124,1982,1000.0
1964,train,2441,1982,1000.0
1965,train,2571,2248,1000.0
1966,train,1014,1477,1275.9716589532973
1967,train,2956,1373,1000.0
1968,train,1745,2489,3091.417778409926
1969,train,2570,3115,2270.036864497832
1970,train,1275,1393,1000.0
1971,train,2566,1631,14129.520568067934
1972,train,1353,584,4832.06339008287
1973,train,3626,879,1000.0
1974,train,2269,1242,1000.0
1975,train,625,3652,2377.794713739837
1976,train,2086,2114,1119.0320023958566
1977,train,3176,967,1000.0
1978,train,2520,2443,1000.0
1979,train,2065,654,1000.0
1980,train,2532,3008,1000.0
1981,train,2393,1846,2121.0635924345556
1982,train,3680,362,1000.0
1983,train,1641,3042,1000.0
1984,train,4104,2355,1000.0
1985,train,3604,3197,7929.159125012108
1986,train,1099,2976,2069.2393738412757
1987,train,2924,374,1000.0
1988,train,1820,756,1000.0
1989,train,1667,4120,5112.589062300905
1990,train,575,3074,1000.0
1991,train,1336,3694,1034.0687381763219
1992,train,36,2381,5016.71586798777
1993,train,3934,861,1000.0
1994,train,3209,1647,1000.0
1995,train,1827,1706,1590.393554217673
1996,train,2125,3454,1142.2539207687453
1997,train,3244,2620,1000.0
1998,train,1651,3731,1000.0
1999,train,4003,1997,1275.4315383564613
2000,train,1059,3994,4303.066169192835
2001,train,4057,2102,1521.6298034406911
2002,train,2435,2541,2432.0082304362772
2003,train,969,3105,9495.87388479079
2004,train,62,2494,1000.0
2005,train,964,3052,1000.0
2006,train,3598,3086,1618.9706425766374
2007,train,223,3665,1000.0
2008,train,75,2939,11660.34081395728
2009,train,3735,3626,1585.377646133606
2010,train,148,3477,4344.720858456638
2011,train,1681,2846,1000.0
2012,train,3100,3576,14651.336134305224
2013,train,3583,2804,1000.0
2014,train,2269,1058,1000.0
2015,train,2786,2912,1392.2489135983735
2016,train,2493,159,1177.7276620502669
2017,train,2173,1957,1000.0
2018,train,1443,2618,1000.0
2019,train,907,3281,3617.5029962487915
2020,train,1203,3969,1000.0
2021,train,1062,2338,2075.4133738262913
2022,train,1166,1616,2143.7508716519555
2023,train,2278,1573,1000.0
2024,train,703,1863,1725.205983368128
2025,train,1087,621,1430.9346283381547
2026,train,3366,3282,1000.0
2027,train,2829,290,1000.0
2028,train,1309,3270,4058.1293067076226
2029,train,2905,3504,2759.0472390874133
2030,train,1181,1523,1000.0
2031,train,856,3683,1000.0
2032,train,3766,4023,1000.0
2033,train,2822,3735,1736.8789386340077
2034,train,1886,1094,2759.9458267352284
2035,train,3183,2307,1000.0
2036,train,1787,527,1579.395245649661
2037,train,2462,312,1000.0
2038,train,367,438,3153.256808922877
2039,train,2860,4020,4143.7242662699155
2040,train,1717,297,1000.0
2041,train,3798,111,1000.0
2042,train,995,1960,1000.0
2043,train,4050,2962,2906.004412325141
2044,train,1464,591,3736.1881645189715
2045,train,2396,1926,2526.8206054393168
2046,train,2357,1401,1000.0
2047,train,3311,724,1000.0
2048,train,2994,684,1000.0
2049,train,1109,1427,3237.9492057836765
2050,train,1264,1194,3763.536892902977
2051,train,3961,791,1212.506888485505
2052,train,2276,2251,1041.3646154093349
2053,train,1935,3457,1000.0
2054,train,500,3545,1045.7452036169402
2055,train,3913,108,2835.8300555252663
2056,train,1763,3010,1000.0
2057,train,3900,833,1000.0
2058,train,2301,3156,4883.940058848833
2059,train,1999,909,1000.0
2060,train,124,1806,5005.337535109206
2061,train,3684,3979,1716.0831908063124
2062,train,2264,2459,1000.0
2063,train,2937,486,1000.0
2064,train,2449,1672,2517.7290873190113
2065,train,1719,2029,1000.0
2066,train,595,3867,14005.987097027595
2067,train,1818,633,1865.8990775850705
2068,train,1645,835,1938.7091785525743
2069,train,2037,1265,4048.7869278896314
2070,train,2538,2164,1000.0
2071,train,3157,1642,8069.236821807487
2072,train,3762,1054,1048.6751061111067
2073,train,3980,2310,3180.490102074915
2074,train,2565,3997,2206.542262074171
2075,train,3643,142,1000.0
2076,train,2111,673,8503.186691581932
2077,train,2129,3364,2841.4329668406103
2078,train,578,1259,2340.072944871264
2079,train,928,4114,1000.0
2080,train,1771,2383,1000.0
2081,train,3991,1866,1865.988142629736
2082,train,1175,2989,1111.6041890351314
2083,train,3484,1569,1015.6292723569885
2084,train,3793,2272,1000.0
2085,train,703,2909,1711.7622703017403
2086,train,1092,2414,1839.5674883389536
2087,train,2545,1498,1000.0
2088,train,3178,3149,1000.0
2089,train,3739,3182,7852.559883473499
2090,train,1398,191,1000.0
2091,train,1984,58,1000.0
2092,train,2548,1707,2362.9761688737494
2093,train,3824,835,1000.0
2094,train,871,492,1000.0
2095,train,1468,25,1000.0
2096,train,2141,1111,1000.0
2097,train,24,1667,1000.0
2098,train,2507,1331,18198.187280323367
2099,train,3713,1209,1000.0
2100,train,2913,114,14551.52310859125
2101,train,1529,3361,15647.619222896006
2102,train,2881,2507,1000.0
2103,train,2749,2356,1000.0
2104,train,2072,2678,1650.1969799641306
2105,train,2107,3232,1346.7050647998822
2106,train,463,339,2660.6855026234316
2107,train,329,3861,1000.0
2108,train,2382,775,1530.9382144913163
2109,train,177,3707,6273.8504362644735
2110,train,2230,966,1000.0
2111,train,2990,92,1000.0
2112,train,3841,2291,1000.0
2113,train,1960,2909,1000.0
2114,train,4018,602,1000.0
2115,train,3911,510,1000.0
2116,train,1702,1438,1000.0
2117,train,437,1458,2011.0534739858076
2118,train,1498,2241,4737.208421692571
2119,train,125,157,2185.8723703839205
2120,train,2311,2585,5812.357246273872
2121,train,3037,2630,3721.0868857800706
2122,train,3780,1343,1000.0
2123,train,64,1631,1000.0
2124,train,1397,519,1000.0
2125,train,1386,2532,1000.0
2126,train,300,889,1547.4360109212555
2127,train,2546,2163,1000.0
2128,train,477,3151,2787.637478035767
2129,train,2955,1446,3941.033202758312
2130,train,1064,4048,1000.0
2131,train,849,2688,1525.5285066049096
2132,train,204,93,6386.747050368725
2133,train,1517,3952,6833.437426949136
2134,train,2364,240,1883.8364514433438
2135,train,959,3606,1000.0
2136,train,3086,1996,3236.1690169037397
2137,train,1099,1318,1995.8335476791558
2138,train,112,470,1000.0
2139,train,1380,3651,2619.112507507725
2140,train,226,1238,4224.292753789047
2141,train,2349,3546,2154.167682906773
2142,train,204,2653,1173.865589824383
2143,train,2951,1469,1000.0
2144,train,3790,2088,1644.9869910058137
2145,train,831,3264,3256.782784082511
2146,train,3784,2632,1000.0
2147,train,3289,1367,3338.1797037638794
2148,train,2683,2017,1000.0
2149,train,3527,1601,23469.780504328144
2150,train,1005,479,1000.0
2151,train,5,129,2237.66915422547
2152,train,2999,3088,1000.0
2153,train,1018,3030,4706.83664181601
2154,train,3521,2162,1191.2524911840353
2155,train,2485,617,5790.90289830105
2156,train,984,3531,1000.0
2157,train,3476,1424,1000.0
2158,train,2674,2684,2682.497566860482
2159,train,1635,2483,1000.0
2160,train,4131,965,1000.0
2161,train,1495,2527,1000.0
2162,train,1380,2819,13864.979854122888
2163,train,4056,1405,1982.8286288195952
2164,train,1277,3211,1679.7979614826586
2165,train,2744,973,8969.60067325833
2166,train,2449,2576,2813.5229167641014
2167,train,3154,3943,1506.000517943042
2168,train,2665,2855,1297.7189084547877
2169,train,2163,85,1000.0
2170,train,2433,377,1000.0
2171,train,837,1464,1926.0471119207205
2172,train,1493,2523,1469.6443900832774
2173,train,3518,96,1000.0
2174,train,3250,550,1000.0
2175,train,1934,1649,1000.0
2176,train,1537,3710,1195.9154831506742
2177,train,3137,1874,1000.0
2178,train,991,4064,1000.0
2179,train,2629,752,1006.9439065053281
2180,train,532,2967,1490.6926405260322
2181,train,2487,2816,1000.0
2182,train,3534,3134,1000.0
2183,train,3322,3429,6077.49599459751
2184,train,3665,2395,3633.5843947709395
2185,train,1159,178,1000.0
2186,train,455,3400,7284.812373870165
2187,train,3980,3337,1000.0
2188,train,570,3463,1000.0
2189,train,144,3608,1000.0
2190,train,896,3667,1000.0
2191,train,1598,3934,2241.1323842938727
2192,train,2816,2204,2139.1175831429036
2193,train,2620,3633,1000.0
2194,train,965,2704,2588.1481054043666
2195,train,99,1957,1006.46451144984
2196,train,1427,999,1000.0
2197,train,459,3995,1000.0
2198,train,4051,209,5329.840513237282
2199,train,1959,299,3338.0754602009374
2200,train,813,2916,2216.7638255803645
2201,train,3408,3201,1000.0
2202,train,2956,2642,1000.0
2203,train,1190,766,1000.0
2204,train,808,25,1000.0
2205,train,4114,3097,3699.9067658200306
2206,train,3820,3768,1506.7343445593892
2207,train,1791,1676,3760.134079354314
2208,train,3229,249,1000.0
2209,train,2535,3054,1522.2003334610308
2210,train,3504,4135,1000.0
2211,train,3317,83,1000.0
2212,train,1136,4050,1000.0
2213,train,1497,3493,5391.040962590987
2214,train,1106,479,1000.0
2215,train,743,555,1000.0
2216,train,3054,3533,1000.0
2217,train,1364,1919,2251.1721778265432
2218,train,932,3870,1000.0
2219,train,1472,82,1000.0
2220,train,142,218,2854.2633240646483
2221,train,1026,1951,1621.412905012711
2222,train,3887,2971,1000.0
2223,train,2782,3418,1000.0
2224,train,399,3828,1000.0
2225,train,603,1179,3166.722362773334
2226,train,325,1892,1000.0
2227,train,940,50,6309.318960435493
2228,train,199,2995,11958.322338636017
2229,train,101,3,1000.0
2230,train,1513,2867,1000.0
2231,train,1149,487,1000.0
2232,train,2997,1001,1000.0
2233,train,1921,1243,2560.6009518800747
2234,train,2436,253,1000.0
2235,train,3380,3994,1000.0
2236,train,3123,3626,1000.0
2237,train,2219,134,1249.1309482110523
2238,train,3010,2923,1016.1992798186468
2239,train,3653,3784,5450.605078083553
2240,train,3642,1535,1000.0
2241,train,1162,313,1102.384524738166
2242,train,63,600,1000.0
2243,train,2783,1084,2298.813402764911
2244,train,1893,573,1000.0
2245,train,1173,1111,1807.1726317113335
2246,train,1280,1051,1000.0
2247,train,674,2026,2210.391512763688
2248,train,1685,2320,1590.875512941868
2249,train,2508,3480,1000.0
2250,train,2996,3641,1000.0
2251,train,2637,1681,1619.770856154306
2252,train,3333,3191,1000.0
2253,train,479,968,9286.93973857748
2254,train,51,2155,1000.0
2255,train,572,3892,1000.0
2256,train,1704,2879,1000.0
2257,train,1564,154,1377.3502145199488
2258,train,2221,3978,1000.0
2259,train,3071,3321,1708.1538416073884
2260,train,4126,2822,1000.0
2261,train,3379,1108,1938.3805177165086
2262,train,3926,4052,1000.0
2263,train,2032,1347,3076.990431565616
2264,train,3045,161,2242.4226627514713
2265,train,1821,2133,1000.0
2266,train,836,571,1000.0
2267,train,2449,1005,1654.906649593592
2268,train,1495,1430,1000.0
2269,train,2558,1917,1227.9097744922249
2270,train,2956,1990,1000.0
2271,train,1657,2871,1089.2650227439126
2272,train,1960,3121,1667.0959724909887
2273,train,3019,3171,1516.4607854289034
2274,train,402,3289,1455.7043271747032
2275,train,1285,1522,8995.904395304377
2276,train,525,1884,1635.595602813942
2277,train,3430,3822,1000.0
2278,train,2647,1086,1347.5571257474257
2279,train,3124,1568,3312.5863445139707
2280,train,121,395,6593.693643392114
2281,train,3186,3922,1000.0
2282,train,3475,1975,1041.9004058511744
2283,train,1564,3155,26990.65162473344
2284,train,626,1508,1000.0
2285,train,322,1233,4940.465233224577
2286,train,1223,1407,3552.596734349637
2287,train,3331,1567,2401.8281174766253
2288,train,3199,2437,7208.08979806215
2289,train,596,772,3385.1513880497737
2290,train,1701,2272,1786.0012376223715
2291,train,983,1278,1604.8866081653407
2292,train,1703,2598,1000.0
2293,train,4,1800,9724.807503073594
2294,train,1052,2383,1000.0
2295,train,99,3249,1000.0
2296,train,1635,295,1000.0
2297,train,4057,1479,2184.6052032836633
2298,train,1703,2215,1000.0
2299,train,2999,173,1009.646698678814
2300,train,3446,4071,1373.7088423302944
2301,train,2167,1782,1450.7104838955563
2302,train,1454,1903,1511.153638419007
2303,train,1553,263,1000.0
2304,train,319,1306,1652.007097322879
2305,train,3967,3717,1000.0
2306,train,3265,1930,1000.0
2307,train,3068,1700,1351.2240331303406
2308,train,3040,2477,11751.709426555915
2309,train,1200,2934,1000.0
2310,train,3307,1795,7333.231367128534
2311,train,2777,2420,2183.5865071945454
2312,train,3549,1382,1000.0
2313,train,1298,2874,6478.161847193231
2314,train,3633,2439,1381.733594142308
2315,train,3097,2945,1000.0
2316,train,1178,740,4428.1032870907275
2317,train,1030,1689,1026.751986428447
2318,train,1445,3097,3730.9310611402398
2319,train,2995,963,1242.0406600345436
2320,train,2105,3376,1000.0
2321,train,2660,782,28259.186066398845
2322,train,2828,321,1000.0
2323,train,1406,727,3846.972653915104
2324,train,1478,893,2819.2033062478895
2325,train,3033,868,62416.13623594309
2326,train,1649,280,1000.0
2327,train,2366,1435,4444.160496013267
2328,train,1495,1248,1042.905025120233
2329,train,1629,2478,1056.6416219387754
2330,train,1718,456,1800.2586688835354
2331,train,1308,501,1000.0
2332,train,2584,738,4357.989056156727
2333,train,1005,1294,2339.149779976843
2334,train,1846,3341,1000.0
2335,train,3521,3508,1000.0
2336,train,2832,3955,1525.1399086030974
2337,train,2392,20,4450.622117777093
2338,train,1316,902,1000.0
2339,train,3736,1528,1519.4201468853742
2340,train,1547,2268,2088.2602031368233
2341,train,782,809,12250.670642261784
2342,train,3523,268,1000.0
2343,train,3786,656,1000.0
2344,train,1355,3404,2139.7335131181944
2345,train,1358,3393,4235.52913684692
2346,train,73,3028,1163.9135935800382
2347,train,2441,3761,5493.460314671811
2348,train,2366,3021,1000.0
2349,train,2216,3254,1000.0
2350,train,3115,2845,2007.3002226658823
2351,train,2018,2146,1000.0
2352,train,3486,3645,1037.2727191984409
2353,train,1542,2679,4316.361001107634
2354,train,1086,1612,19191.293030100143
2355,train,736,2324,1000.0
2356,train,2299,3424,1000.0
2357,train,2991,2334,4276.712986447256
2358,train,3258,3556,1000.0
2359,train,208,8,1000.0
2360,train,4036,1896,1833.892325243053
2361,train,3585,2783,3153.2051378551905
2362,train,1515,3986,1425.2089148154466
2363,train,735,1660,1768.2718473512134
2364,train,1030,517,1000.0
2365,train,430,3822,1000.0
2366,train,4070,1942,3507.644557299655
2367,train,2858,331,1000.0
2368,train,4046,737,1311.5825721583244
2369,train,3243,3463,1000.0
2370,train,1279,3945,3334.390060323009
2371,train,3855,1436,1000.0
2372,train,2754,4074,1000.0
2373,train,1088,901,1865.7297625991923
2374,train,2244,3122,3493.1849252420793
2375,train,3068,259,2097.235913312415
2376,train,450,1566,4034.619799977355
2377,train,3088,3177,1000.0
2378,train,3349,2082,2755.2476425186096
2379,train,2223,950,4383.858284405212
2380,train,8,3033,4793.221507127779
2381,train,2872,712,1872.784103924493
2382,train,2521,1474,1000.0
2383,train,1089,298,1820.2331788950394
2384,train,3380,3228,24098.354970243665
2385,train,2014,1597,1029.6556078296112
2386,train,3075,160,1000.0
2387,train,3692,2601,5288.844192625865
2388,train,4006,3052,1000.0
2389,train,2948,786,1000.0
2390,train,926,2523,1613.7981850015701
2391,train,335,634,3210.2626089677747
2392,train,1708,2966,9186.383766190072
2393,train,694,3536,1000.0
2394,train,469,2262,1000.0
2395,train,3892,919,8812.461892311785
2396,train,2626,3114,1069.1000401713286
2397,train,999,1060,1000.0
2398,train,3500,701,1000.0
2399,train,1425,2649,1000.0
2400,train,2144,2995,8263.491514588388
2401,train,4021,3317,2109.942230626158
2402,train,2573,3811,1504.0398154998902
2403,train,1272,1809,1196.1161903839995
2404,train,3198,3096,1000.0
2405,train,884,81,33910.02859844294
2406,train,3165,1154,1000.0
2407,train,1084,3584,3204.3673120490303
2408,train,3080,3902,1988.9685962718734
2409,train,3098,2538,1000.0
2410,train,1507,1571,1000.0
2411,train,2726,1136,2700.2400886762002
2412,train,453,3892,1000.0
2413,train,2721,3047,2368.3181747518233
2414,train,4115,2571,1000.0
2415,train,2217,1322,1000.0
2416,train,1547,1437,1000.0
2417,train,596,570,1000.0
2418,train,2513,699,1183.7851030668223
2419,train,2198,1889,2758.545208365207
2420,train,3610,3935,1000.0
2421,train,3360,943,7951.955476786267
2422,train,3409,2595,4892.791346380118
2423,train,3676,3397,1000.0
2424,train,1112,2989,1766.0987666569654
2425,train,477,2303,1000.0
2426,train,3561,666,1004.8285762199246
2427,train,67,3631,1000.0
2428,train,1315,2999,1000.0
2429,train,1612,2095,1000.0
2430,train,662,2772,2093.431742919122
2431,train,1547,3896,1000.0
2432,train,255,3950,1000.0
2433,train,1422,1879,1371.524410664038
2434,train,395,1764,1000.0
2435,train,3917,600,8145.562075209444
2436,train,1086,1016,1339.976056004644
2437,train,2343,3320,3074.851827431955
2438,train,4059,3968,2031.5821338063006
2439,train,3804,499,1000.0
2440,train,182,2304,1000.0
2441,train,254,2434,2697.5406884282656
2442,train,1416,3571,1000.0
2443,train,3498,3279,1000.0
2444,train,2606,2282,1000.0
2445,train,1319,400,1000.0
2446,train,2207,3403,1912.1468717108794
2447,train,3422,3958,1000.0
2448,train,3013,1682,1569.3868055691412
2449,train,3379,2239,6500.805425436904
2450,train,2594,3242,1000.0
2451,train,1842,3651,2027.795864827129
2452,train,169,2576,16008.321381801243
2453,train,1878,1783,1000.0
2454,train,4124,3723,1000.0
2455,train,319,13,1000.0
2456,train,3926,2797,1000.0
2457,train,2669,889,1000.0
2458,train,2414,532,2311.4344718471425
2459,train,1066,2801,1000.0
2460,train,3316,1253,1000.0
2461,train,2267,1174,1223.9747045752404
2462,train,1596,3136,1913.1084519526496
2463,train,1363,1476,1583.8769731092457
2464,train,3841,811,1000.0
2465,train,3118,34,1000.0
2466,train,3927,2269,1457.9992499706068
2467,train,3494,1212,1000.0
2468,train,3268,128,14401.848735061327
2469,train,1637,238,1000.0
2470,train,3700,2762,1000.0
2471,train,2848,2699,1000.0
2472,train,3920,3994,10544.918218271021
2473,train,2279,3594,1329.0510380749051
2474,train,4030,3363,1000.0
2475,train,1508,2986,3751.3971665669405
2476,train,2351,2210,3661.995714574764
2477,train,2488,3349,1000.0
2478,train,1023,3364,9631.201650946008
2479,train,3934,1867,1254.8240979340708
2480,train,2261,1092,5454.896444437501
2481,train,3001,3154,1000.0
2482,train,2022,656,1000.0
2483,train,271,1887,6604.257862131833
2484,train,1930,379,1000.0
2485,train,2566,523,13436.913214411741
2486,train,3959,2090,1000.0
2487,train,2585,3289,1000.0
2488,train,2516,3909,5321.720078284609
2489,train,1580,3829,1000.0
2490,train,2694,1699,1000.0
2491,train,966,3041,1000.0
2492,train,429,2939,1000.0
2493,train,1183,3582,8820.601515802378
2494,train,2127,682,1000.0
2495,train,3756,1663,1000.0
2496,train,94,2025,1000.0
2497,train,2494,941,1000.0
2498,train,2237,3286,1000.0
2499,train,716,3911,15209.382483468346
2500,train,2888,2054,1000.0
2501,train,1545,260,1451.46241679643
2502,train,2245,1259,1000.0
2503,train,2801,1934,2036.1227151131536
2504,train,1754,3336,1000.0
2505,train,462,2658,5606.73072415799
2506,train,1577,293,1000.0
2507,train,731,2722,1373.7740960926528
2508,train,1542,2727,1000.0
2509,train,3728,464,1000.0
2510,train,3610,3495,3002.297950610626
2511,train,1072,3022,1000.0
2512,train,954,2667,1347.0778424038926
2513,train,4097,2841,9287.732250026867
2514,train,879,3384,3038.7543529088666
2515,train,1905,985,1000.0
2516,train,1336,3284,3012.976268209585
2517,train,3101,1651,1000.0
2518,train,2985,2872,1000.0
2519,train,597,1103,1000.0
2520,train,428,2674,6258.820260770425
2521,train,2612,3641,3795.793808595619
2522,train,2680,556,1000.0
2523,train,941,2845,4840.704294840508
2524,train,983,2105,2689.877664633577
2525,train,282,2808,1000.0
2526,train,1369,4138,1000.0
2527,train,3862,2310,1000.0
2528,train,2136,64,1031.5099994272991
2529,train,3974,704,1000.0
2530,train,3833,771,1000.0
2531,train,3946,4051,3077.017409241539
2532,train,535,960,1000.0
2533,train,2992,2010,1000.0
2534,train,1895,3220,1000.0
2535,train,640,2976,1000.0
2536,train,1348,2158,7512.214326832521
2537,train,1293,577,1000.0
2538,train,2444,2932,1368.1802874656644
2539,train,1829,398,2544.2918243540557
2540,train,1028,2531,1330.1237010353448
2541,train,1425,3071,1000.0
2542,train,501,3018,1000.0
2543,train,3699,4139,1859.4028712945596
2544,train,1646,361,1069.3178612466043
2545,train,1222,4044,1746.203815083615
2546,train,3592,2505,1000.0
2547,train,845,2942,1000.0
2548,train,834,862,1000.0
2549,train,611,230,2629.2249320916944
2550,train,1998,4,1000.0
2551,train,1146,3777,28318.326903502573
2552,train,1471,885,1442.5011429567887
2553,train,969,896,4966.149523363937
2554,train,1488,1536,1000.0
2555,train,699,605,6903.2743299619815
2556,train,578,3604,1000.0
2557,train,418,3138,1000.0
2558,train,3090,216,1000.0
2559,train,2464,147,1000.0
2560,train,1916,797,3625.4929125485296
2561,train,2568,1389,1000.0
2562,train,338,2550,1000.0
2563,train,1608,80,1000.0
2564,train,1999,1609,1107.0484931277997
2565,train,887,1271,9866.775489732769
2566,train,914,2404,1000.0
2567,train,266,3361,3561.0427011388815
2568,train,819,1616,1142.8174973919859
2569,train,3368,1727,1438.7380058687602
2570,train,3361,963,1000.0
2571,train,1680,1331,1365.4154446553443
2572,train,902,2702,1000.0
2573,train,3387,2358,1000.0
2574,train,3160,1768,1000.0
2575,train,4098,719,1040.1038191874263
2576,train,4136,538,2245.518321570947
2577,train,1362,227,1000.0
2578,train,2126,3313,1000.0
2579,train,1630,1276,1011.6791094344134
2580,train,1561,4017,14754.058412997163
2581,train,1637,3303,7559.622272853754
2582,train,3825,3089,2597.3470240740676
2583,train,3980,429,1000.0
2584,train,1403,758,1571.178809347678
2585,train,2495,4038,1046.151180561729
2586,train,265,1908,9252.091541989517
2587,train,3751,2422,1000.0
2588,train,83,3810,15744.34611116846
2589,train,2829,1080,1178.4093002553284
2590,train,1863,2905,1000.0
2591,train,2249,1719,1522.7475602604054
2592,train,1562,3822,1000.0
2593,train,3307,3956,1000.0
2594,train,1438,2319,6897.630420047836
2595,train,3859,2764,1000.0
2596,train,1956,3000,1000.0
2597,train,1170,2418,1000.0
2598,train,3796,1258,4564.935574051037
2599,train,2944,601,1000.0
2600,train,603,88,1000.0
2601,train,2182,1651,1000.0
2602,train,3601,1993,1000.0
2603,train,698,4063,1000.0
2604,train,2744,2726,3233.42215390748
2605,train,3599,1736,1000.0
2606,train,2318,1727,1000.0
2607,train,2186,2486,1000.0
2608,train,958,3285,1000.0
2609,train,2320,2395,1000.0
2610,train,3267,868,6902.271508581671
2611,train,3914,651,1000.0
2612,train,2261,1317,5026.782936340219
2613,train,908,3553,1000.0
2614,train,3663,4025,7389.092366258789
2615,train,3232,3809,1306.506259682882
2616,train,910,2641,2769.5549033765988
2617,train,1081,2221,2206.234324844588
2618,train,1690,746,1000.0
2619,train,3291,3709,9375.03206845654
2620,train,3630,1061,1000.0
2621,train,3617,134,2830.7561457850575
2622,train,1140,278,1539.111885476608
2623,train,95,1611,1000.0
2624,train,607,1977,1000.0
2625,train,2826,2757,5341.369656173322
2626,train,391,22,2671.3072396070793
2627,train,3744,1631,1000.0
2628,train,1927,347,29125.451173167876
2629,train,710,3401,2520.59555264122
2630,train,1455,3003,1000.0
2631,train,4111,727,1000.0
2632,train,3564,2527,1000.0
2633,train,2743,4133,1000.0
2634,train,2101,2551,9403.312083847844
2635,train,2765,3426,1000.0
2636,train,3693,93,1000.0
2637,train,2041,1029,3719.8421196299696
2638,train,3438,1362,1000.0
2639,train,3517,2347,1000.0
2640,train,2582,1360,1797.8620359952522
2641,train,1531,2852,5085.749062980699
2642,train,3610,402,2679.4274678658167
2643,train,3963,2400,3546.14955147926
2644,train,795,487,1000.0
2645,train,2982,1882,1000.0
2646,train,677,2413,1000.0
2647,train,3446,3649,1000.0
2648,train,1326,3840,1713.8637563785448
2649,train,241,237,3994.279382943102
2650,train,1420,2577,2205.413564474429
2651,train,2181,144,4175.1791391950865
2652,train,750,714,5219.457305979763
2653,train,1618,4013,1000.0
2654,train,2750,3220,7712.277164448891
2655,train,2462,1618,6262.110860234708
2656,train,2661,3538,1000.0
2657,train,3577,2786,1000.0
2658,train,2450,3356,3936.3506967809794
2659,train,943,2123,1000.0
2660,train,1590,1751,1000.0
2661,train,2316,1991,1007.2291003232615
2662,train,798,2222,1000.0
2663,train,1911,56,1087.4218332579878
2664,train,3674,3924,1000.0
2665,train,1362,2333,1000.0
2666,train,3399,3293,1000.0
2667,train,3759,492,2156.247663785647
2668,train,759,3063,1000.0
2669,train,2592,862,1000.0
2670,train,2827,1209,1000.0
2671,train,4027,1959,1000.0
2672,train,1320,2393,1000.0
2673,train,3063,2297,1000.0
2674,train,3166,2621,1716.6346252201663
2675,train,2859,739,1000.0
2676,train,1618,2848,1000.0
2677,train,3663,3148,1645.6241412877791
2678,train,2785,1100,4849.734265065232
2679,train,2355,4111,1000.0
2680,train,2440,1529,1000.0
2681,train,1342,1888,3153.008666106522
2682,train,1911,416,1336.1186912241506
2683,train,1576,3034,1000.0
2684,train,3298,1647,2249.5601978664795
2685,train,3017,1836,1000.0
2686,train,328,2043,1086.5955862604583
2687,train,1648,3333,2133.0873126573388
2688,train,228,835,4201.486523435017
2689,train,498,2449,1000.0
2690,train,225,3477,22948.853731027775
2691,train,2834,2274,1000.0
2692,train,1881,3137,1000.0
2693,train,1886,2895,1000.0
2694,train,1429,477,1000.0
2695,train,2656,3914,1106.2022465914713
2696,train,1487,4049,1294.8590929975585
2697,train,2512,678,2489.383559902017
2698,train,128,1622,1000.0
2699,train,2081,3208,1000.0
2700,train,2043,3016,1133.006003564017
2701,train,636,1215,1000.0
2702,train,2714,3217,1000.0
2703,train,1421,2962,1733.1607543244
2704,train,1405,2733,1000.0
2705,train,545,3088,1000.0
2706,train,1124,3156,1000.0
2707,train,1807,444,1000.0
2708,train,2896,2883,2872.7990350077675
2709,train,2731,374,1000.0
2710,train,1319,3143,1000.0
2711,train,2845,2406,13337.313602511676
2712,train,3952,1399,23693.389015539724
2713,train,2924,1227,2039.1111768846579
2714,train,261,1254,1000.0
2715,train,1436,3474,1000.0
2716,train,326,1048,2901.2544029991277
2717,train,253,3246,6967.747701741866
2718,train,2621,2586,1769.4423360139788
2719,train,1248,3051,2249.660294111715
2720,train,2749,2224,1000.0
2721,train,1150,3854,1000.0
2722,train,806,2748,9540.34739823043
2723,train,2855,235,8166.654631047289
2724,train,1164,2171,1000.0
2725,train,1714,312,2834.21331185368
2726,train,1509,1809,1000.0
2727,train,1192,1464,1000.0
2728,train,1783,3031,1000.0
2729,train,915,2492,1000.0
2730,train,3564,1668,4299.438315204493
2731,train,2184,3284,1000.0
2732,train,81,518,4234.225161362725
2733,train,2545,2822,10812.365325665209
2734,train,289,2571,1000.0
2735,train,1787,1032,1000.0
2736,train,421,1798,10182.455013969417
2737,train,2494,2911,1000.0
2738,train,1248,2461,6788.239633929696
2739,train,4060,3275,6850.343723735182
2740,train,511,953,1979.0039312879157
2741,train,3421,2628,1000.0
2742,train,917,3226,1000.0
2743,train,3358,2921,1000.0
2744,train,594,3483,1000.0
2745,train,3355,2719,1000.0
2746,train,1010,3997,7467.758102800506
2747,train,2217,2977,1000.0
2748,train,1661,1484,1000.0
2749,train,1893,3144,11403.326126497188
2750,train,2897,3670,1000.0
2751,train,11,1094,14767.183370212766
2752,train,782,2761,1000.0
2753,train,2687,229,1000.0
2754,train,3366,2758,7568.2584393303905
2755,train,614,1262,1000.0
2756,train,1032,340,1000.0
2757,train,606,3496,1000.0
2758,train,1461,343,1000.0
2759,train,4062,1630,1000.0
2760,train,1339,1425,1088.4120359709304
2761,train,1068,51,1000.0
2762,train,1838,2687,7214.825160418101
2763,train,3412,1654,3918.440507306837
2764,train,46,268,2392.44571725348
2765,train,2186,266,4134.962942357058
2766,train,1875,2441,1000.0
2767,train,2286,3651,1000.0
2768,train,3503,1942,1379.6420481101006
2769,train,3655,1577,1000.0
2770,train,2662,2792,1000.0
2771,train,2002,1560,1000.0
2772,train,219,1852,1426.212511692385
2773,train,1001,3813,1000.0
2774,train,459,3213,1000.0
2775,train,4087,2131,1306.5023867096363
2776,train,2049,1756,1681.2202886074215
2777,train,139,2370,1571.0781492013916
2778,train,4036,2303,1000.0
2779,train,2862,775,1000.0
2780,train,1087,1114,1000.0
2781,train,1051,2597,1000.0
2782,train,1549,2173,5228.627463561919
2783,train,2905,676,11629.479727330738
2784,train,741,1560,1000.0
2785,train,3283,2343,1000.0
2786,train,508,1781,1862.211781202622
2787,train,2822,3486,1000.0
2788,train,2643,3759,1000.0
2789,train,1924,1663,1000.0
2790,train,3978,2770,1000.0
2791,train,3573,3340,1000.0
2792,train,1931,1692,1000.0
2793,train,1474,101,2685.0089597599545
2794,train,3418,3530,1001.3622689538203
2795,train,1930,3934,1000.0
2796,train,425,2983,1000.0
2797,train,1534,602,1235.0702685782533
2798,train,1879,2879,1000.0
2799,train,4019,3803,1000.0
2800,train,289,403,3400.0717544092836
2801,train,3151,1175,1000.0
2802,train,1439,2343,1000.0
2803,train,1780,31,1000.0
2804,train,1441,325,1000.0
2805,train,4068,1255,1000.0
2806,train,1490,3634,1052.3190061046225
2807,train,745,3277,20617.638295008765
2808,train,3644,369,2436.5026057022947
2809,train,1986,134,1000.0
2810,train,2040,2035,1000.0
2811,train,3061,1333,1000.0
2812,train,2773,1801,1000.0
2813,train,3366,374,1000.0
2814,train,3948,2750,1000.0
2815,train,28,80,1305.779811761351
2816,train,373,3958,1162.083343585641
2817,train,3717,3498,6510.392926107462
2818,train,2388,3052,1000.0
2819,train,2510,4048,1000.0
2820,train,516,2182,1000.0
2821,train,3628,3796,1193.7931970033985
2822,train,2725,3414,2683.532176058996
2823,train,2838,1289,2709.6150584287857
2824,train,728,3346,3443.5906548086778
2825,train,1289,904,1000.0
2826,train,1772,2027,2242.580236319997
2827,train,1145,3862,1000.0
2828,train,1908,3837,1000.0
2829,train,1418,2219,6653.364743192777
2830,train,3066,2477,1000.0
2831,train,1320,1573,4109.261209765329
2832,train,2691,3466,1000.0
2833,train,1762,2793,6537.308362089643
2834,train,2675,4038,1997.3653912937118
2835,train,2946,2360,1000.0
2836,train,2701,2828,1000.0
2837,train,1133,2427,1000.0
2838,train,49,3207,2617.8925758755336
2839,train,35,2020,1000.0
2840,train,1820,2962,1000.0
2841,train,2077,291,2472.104223673562
2842,train,3216,507,1000.0
2843,train,326,872,1843.8291369773222
2844,train,242,1674,1000.0
2845,train,2206,3395,1000.0
2846,train,923,3913,1000.0
2847,train,2706,3980,1000.0
2848,train,2702,1264,1000.0
2849,train,1020,1934,1218.2871883001205
2850,train,3176,1796,1886.3920410172755
2851,train,30,3725,1130.731695569451
2852,train,2342,715,1000.0
2853,train,482,3742,1000.0
2854,train,859,3279,5355.686472162897
2855,train,3335,298,1000.0
2856,train,777,579,8885.308991600721
2857,train,3705,3233,1000.0
2858,train,807,2417,2061.691714718389
2859,train,1586,1399,4168.652023696598
2860,train,2632,2852,4460.633900309528
2861,train,1843,1790,13787.263165187805
2862,train,1429,51,2101.9889029753494
2863,train,3657,3344,1427.6776736942493
2864,train,3799,72,9866.502973908107
2865,train,2318,436,12858.771376209741
2866,train,1243,1820,29797.767717719456
2867,train,1640,636,6988.089639078149
2868,train,1123,2441,1000.0
2869,train,1192,959,1000.0
2870,train,844,915,3376.114303026269
2871,train,3706,1778,1000.0
2872,train,171,1820,3488.613494737844
2873,train,1128,596,1065.4776929132415
2874,train,3910,3148,2151.47930015948
2875,train,3870,493,1000.0
2876,train,4025,525,3860.84851141431
2877,train,1845,3727,3121.9670031194637
2878,train,4092,2745,1000.0
2879,train,1559,3363,2971.9234026594386
2880,train,1874,888,1000.0
2881,train,82,1916,1000.0
2882,train,4074,3389,1000.0
2883,train,1119,3512,1000.0
2884,train,1902,2915,1000.0
2885,train,2343,1310,3822.791471655891
2886,train,3964,1429,1722.8573796409116
2887,train,1354,4030,2131.995487144221
2888,train,1309,1736,3623.159542692645
2889,train,1665,790,1273.6767057478319
2890,train,1878,4011,1287.5325567378634
2891,train,445,272,1000.0
2892,train,3099,843,1240.7821034409278
2893,train,3909,950,1579.177781380018
2894,train,3792,295,1000.0
2895,train,585,606,1000.0
2896,train,2370,2466,1212.0898336240655
2897,train,462,275,1000.0
2898,train,1923,2906,1000.0
2899,train,954,1275,72385.81399363288
2900,train,3930,894,2990.657805874545
2901,train,1546,3538,3260.172017681907
2902,train,804,465,8100.408232446381
2903,train,3840,1372,3542.6897984230377
2904,train,587,3913,2213.9112470559585
2905,train,3941,995,1191.4361837967986
2906,train,1057,428,1317.2909468202713
2907,train,3545,2322,1195.313229362092
2908,train,939,2374,1333.1471576548772
2909,train,2710,2523,1551.124457421931
2910,train,1712,2050,2368.0008959653887
2911,train,1887,558,1000.0
2912,train,1001,117,1000.0
2913,train,4014,4106,1000.0
2914,train,529,1709,1781.9556209160146
2915,train,2953,1211,2236.3685795779297
2916,train,53,1781,1551.9895646931404
2917,train,3047,2952,1388.11060180073
2918,train,2782,3001,1000.0
2919,train,405,3557,1000.0
2920,train,1682,3360,1000.0
2921,train,660,2012,1000.0
2922,train,3440,4097,1000.0
2923,train,3183,1087,1000.0
2924,train,3535,575,2613.3415122073284
2925,train,1106,3013,1100.3913005548309
2926,train,1214,3426,5348.82646649739
2927,train,1464,474,1000.0
2928,train,732,155,1000.0
2929,train,1366,1322,1000.0
2930,train,3927,535,1000.0
2931,train,2454,191,1000.0
2932,train,2444,72,1175.5108945497514
2933,train,1317,2055,1000.0
2934,train,3208,2596,1000.0
2935,train,2416,3306,1000.0
2936,train,2409,3233,3299.273472857213
2937,train,3581,3283,3980.046772862887
2938,train,306,3016,1640.8516911451702
2939,train,1581,2177,8728.48295348921
2940,train,1271,2636,1000.0
2941,train,219,598,1000.0
2942,train,3558,215,1000.0
2943,train,3835,2756,1000.0
2944,train,2499,3523,1000.0
2945,train,1538,2340,1000.0
2946,train,2813,2852,1141.9277149676307
2947,train,3497,3811,8816.870709676501
2948,train,79,965,1000.0
2949,train,2858,3955,4655.4428064446265
2950,train,3910,2928,2057.7036666219824
2951,train,3111,3945,1000.0
2952,train,714,2387,2227.1771203915514
2953,train,3002,945,1846.350272039646
2954,train,628,416,1000.0
2955,train,2354,976,1000.0
2956,train,780,1971,1000.0
2957,train,3760,1663,4474.333278453044
2958,train,1688,1751,5072.165356220647
2959,train,2903,2627,1000.0
2960,train,2059,2001,7402.419694382594
2961,train,1496,1950,3921.9687734330873
2962,train,1288,2552,1000.0
2963,train,315,185,1000.0
2964,train,964,3923,1000.0
2965,train,3709,2749,1097.0712513218914
2966,train,1333,2566,1000.0
2967,train,3087,1721,1000.0
2968,train,1163,2683,1000.0
2969,train,3487,2601,1206.3170937334828
2970,train,1039,2255,1000.0
2971,train,1761,4063,1024.8234980541665
2972,train,2247,74,1000.0
2973,train,1589,612,1000.0
2974,train,3567,2208,1000.0
2975,train,3737,282,6706.681886157512
2976,train,3201,781,6074.123205953613
2977,train,954,3020,1000.0
2978,train,2359,6,1087.5618617205746
2979,train,3701,2490,1000.0
2980,train,3492,3024,5679.499862254924
2981,train,3078,1672,1000.0
2982,train,947,3888,1000.0
2983,train,2131,723,1000.0
2984,train,2852,3106,1000.0
2985,train,3622,2563,1000.0
2986,train,735,3973,5941.939106414227
2987,train,2720,3009,1000.0
2988,train,3409,1136,1000.0
2989,train,3121,3571,1000.0
2990,train,3833,3805,1000.0
2991,train,1426,1551,1000.0
2992,train,1222,2621,1108.3027229968056
2993,train,1151,3054,1825.2680791493872
2994,train,2072,311,2442.2678387094943
2995,train,1589,2094,1000.0
2996,train,2876,2124,1000.0
2997,train,580,1576,1000.0
2998,train,1668,3442,1000.0
2999,train,3031,1397,1108.0511776666085
3000,train,1197,1354,1000.0
3001,train,2862,3125,1302.3598537701334
3002,train,2925,2385,1000.0
3003,train,2207,3440,1000.0
3004,train,897,3077,1019.296183412634
3005,train,49,3567,3253.9649588546454
3006,train,2491,2677,1270.4752775898842
3007,train,2751,3336,1000.0
3008,train,3604,1186,1000.0
3009,train,3187,3593,1000.0
3010,train,2403,3229,2865.4350494563473
3011,train,1017,93,1000.0
3012,train,187,1099,1000.0
3013,train,3335,2888,1000.0
3014,train,2785,938,1321.2886781722473
3015,train,3605,1061,2042.0365986048496
3016,train,908,1646,1000.0
3017,train,38,1686,1000.0
3018,train,2639,715,1000.0
3019,train,1349,2504,6539.219979621965
3020,train,3659,3112,1000.0
3021,train,4141,2676,1155.8090555306735
3022,train,3901,2261,1000.0
3023,train,1836,455,1978.536586302744
3024,train,1852,2418,4120.103725296529
3025,train,1037,3806,5061.456247642251
3026,train,1981,2215,1000.0
3027,train,1035,837,2697.524083251778
3028,train,2474,1450,1552.7457227051946
3029,train,3298,2395,1000.0
3030,train,3973,1165,1578.0451919309808
3031,train,3565,2330,3912.0003965945984
3032,train,307,2021,1000.0
3033,train,2560,994,1000.0
3034,train,3341,117,2788.487759210343
3035,train,1091,2886,1631.2163164129088
3036,train,2645,3227,4912.168155681558
3037,train,914,2500,1000.0
3038,train,3583,1064,1000.0
3039,train,1873,3864,1000.0
3040,train,619,2331,1000.0
3041,train,3537,1173,1831.0266821223415
3042,train,3337,3034,1000.0
3043,train,2749,1410,1000.0
3044,train,1674,21,1000.0
3045,train,2588,849,1000.0
3046,train,2811,2328,1000.0
3047,train,3778,2773,1000.0
3048,train,714,1933,1000.0
3049,train,3090,3116,1000.0
3050,train,3174,465,1000.0
3051,train,2336,3173,3529.2174727739016
3052,train,1119,409,1228.4904612310838
3053,train,1310,724,1000.0
3054,train,3448,3094,1758.938117366235
3055,train,209,1866,1000.0
3056,train,3231,2377,1855.497831995974
3057,train,1303,1716,6935.401368544205
3058,train,2489,578,2166.313971298372
3059,train,2165,1846,1000.0
3060,train,50,431,7523.843481529585
3061,train,821,3203,1802.148271914266
3062,train,2154,24,1000.0
3063,train,2474,1490,1000.0
3064,train,1955,3745,1000.0
3065,train,3354,2740,7926.821406059517
3066,train,1966,3557,2677.6222441352056
3067,train,816,3087,1431.0349912259885
3068,train,177,2375,2389.9869223038822
3069,train,1094,2954,1235.5724136602798
3070,train,748,1128,1000.0
3071,train,2856,3696,1712.7168895396655
3072,train,4066,3532,1000.0
3073,train,24,3041,1000.0
3074,train,3709,75,5184.776104669289
3075,train,2870,3658,1000.0
3076,train,3522,362,1802.1927124140655
3077,train,3979,370,1000.0
3078,train,36,1643,5741.534239440943
3079,train,2172,2396,4100.861088054554
3080,train,3062,807,1000.0
3081,train,830,2029,1000.0
3082,train,3165,3058,1000.0
3083,train,3094,867,1000.0
3084,train,1893,3932,1000.0
3085,train,2963,3770,1000.0
3086,train,2351,3022,1000.0
3087,train,3507,2405,1391.591254140583
3088,train,1184,3685,1000.0
3089,train,1998,2464,2639.73674684403
3090,train,36,2258,11046.930702323916
3091,train,1165,3368,1000.0
3092,train,631,2495,1000.0
3093,train,665,1564,1000.0
3094,train,1136,1326,1000.0
3095,train,3062,2150,2644.084544518164
3096,train,2916,1649,1534.3595328542176
3097,train,1850,1330,1005.8737684858586
3098,train,1971,2881,1000.0
3099,train,2931,4074,3805.65617035692
3100,train,1522,2932,1000.0
3101,train,2792,2812,1000.0
3102,train,1168,2655,1000.0
3103,train,1668,472,1000.0
3104,train,2717,835,1000.0
3105,train,1449,2205,4920.860351170763
3106,train,4007,222,1000.0
3107,train,3717,2351,1000.0
3108,train,2146,1692,1000.0
3109,train,2852,190,1000.0
3110,train,1526,547,1044.6619841879547
3111,train,1617,2345,1000.0
3112,train,2080,2355,1000.0
3113,train,3257,3758,4044.2342646049724
3114,train,579,1112,3333.224239309168
3115,train,2725,655,1313.3582737174747
3116,train,2218,883,1000.0
3117,train,1170,1884,1000.0
3118,train,331,3809,1000.0
3119,train,731,2576,1000.0
3120,train,724,1356,1000.0
3121,train,1112,1808,1000.0
3122,train,4117,1673,1395.8627577087086
3123,train,3254,3660,1378.3816696610772
3124,train,411,4141,2623.4989282400747
3125,train,3544,3266,3433.444983169716
3126,train,2268,655,1000.0
3127,train,2660,1873,1000.0
3128,train,1223,3538,1000.0
3129,train,1461,2520,1000.0
3130,train,2336,3249,1000.0
3131,train,1166,2684,1000.0
3132,train,476,1290,1000.0
3133,train,1214,3486,1000.0
3134,train,3459,3608,1000.0
3135,train,3126,3740,1000.0
3136,train,3808,3462,1000.0
3137,train,2971,2892,8197.134618417522
3138,train,2900,1487,2325.092835855526
3139,train,2605,1437,1000.0
3140,train,1305,1967,1000.0
3141,train,2976,309,1000.0
3142,train,3861,3650,1000.0
3143,train,199,3253,1000.0
3144,train,3516,3782,1771.1332659247946
3145,train,1749,2460,1000.0
3146,train,1259,2385,1000.0
3147,train,1681,3544,1000.0
3148,train,3024,1662,1273.8968916011304
3149,train,1330,248,1000.0
3150,train,1098,418,1979.64445117659
3151,train,1951,3444,1000.0
3152,train,270,2270,1000.0
3153,train,2238,3329,1864.2549512872472
3154,train,1787,212,2055.0173431047783
3155,train,317,2676,1375.9998841165775
3156,train,694,4053,1000.0
3157,train,3238,3699,3960.8506280912625
3158,train,1747,2682,27580.89313517415
3159,train,3921,2528,1000.0
3160,train,3354,2367,1000.0
3161,train,3712,1244,1000.0
3162,train,1479,2316,1000.0
3163,train,1911,1788,1000.0
3164,train,3698,3982,1000.0
3165,train,1742,2354,1000.0
3166,train,1972,1214,1000.0
3167,train,2531,606,2248.008494310184
3168,train,3199,1292,1000.0
3169,train,51,631,3529.68953067741
3170,train,3895,91,1000.0
3171,train,3285,15,1000.0
3172,train,2700,173,1632.7606452442033
3173,train,2344,728,1000.0
3174,train,439,879,1000.0
3175,train,1972,1862,2324.2139300005424
3176,train,2900,3220,6114.5330456891525
3177,train,518,2844,3649.1548073952376
3178,train,2691,1689,1000.0
3179,train,1228,835,2399.139392418041
3180,train,2135,4054,1000.0
3181,train,3604,2787,15781.790186886672
3182,train,4015,1986,4707.574778115069
3183,train,2088,796,1000.0
3184,train,3563,1703,1000.0
3185,train,750,136,1000.0
3186,train,3356,1070,3298.5834663620853
3187,train,3832,1470,2116.3317944393175
3188,train,1939,2506,2155.0975815579372
3189,train,1525,2434,5046.780170293197
3190,train,2478,3260,1000.0
3191,train,1828,444,1251.395520394552
3192,train,3845,1269,3803.3629789703964
3193,train,1178,1333,1000.0
3194,train,835,2314,1000.0
3195,train,746,352,1000.0
3196,train,630,2535,1000.0
3197,train,1106,2375,1000.0
3198,train,2630,1673,1000.0
3199,train,566,2063,1000.0
3200,train,2620,3624,2682.544367994553
3201,train,1898,110,3025.825162261552
3202,train,2113,2207,1000.0
3203,train,2216,3534,1000.0
3204,train,3680,1270,2243.4525328969453
3205,train,2687,1308,1000.0
3206,train,1907,2251,8546.141701912993
3207,train,1572,3207,1000.0
3208,train,1050,3372,14159.783455574883
3209,train,1668,719,3003.5034791835824
3210,train,2465,309,1000.0
3211,train,3761,626,2111.4174375221232
3212,train,253,1605,1000.0
3213,train,3979,3439,1000.0
3214,train,467,3347,1000.0
3215,train,13,1568,1000.0
3216,train,1019,887,19115.439132455358
3217,train,485,1738,4263.214537645899
3218,train,626,2996,1000.0
3219,train,222,3204,1019.2582096867709
3220,train,3199,1177,9552.784566329121
3221,train,3586,3153,1000.0
3222,train,361,1055,4125.6180703459995
3223,train,3997,2359,1000.0
3224,train,1363,641,2715.6432736953466
3225,train,3394,2555,1988.1443932592745
3226,train,3176,1795,1000.0
3227,train,3325,3926,2179.131501936313
3228,train,3820,197,5265.079644695547
3229,train,2755,756,8476.072635972125
3230,train,1565,2351,1000.0
3231,train,2774,3866,1000.0
3232,train,536,1883,1000.0
3233,train,252,969,1000.0
3234,train,2327,4,6392.748465499832
3235,train,2063,2385,1000.0
3236,train,2487,3532,7923.869632654721
3237,train,538,2190,1820.4907365116667
3238,train,2196,2463,7786.804433585862
3239,train,1310,2537,9474.714588926008
3240,train,2182,476,1888.6242181813616
3241,train,734,733,1320.4236288111829
3242,train,791,2576,1592.6561618173573
3243,train,1286,1941,1000.0
3244,train,2525,3727,1000.0
3245,train,3694,1129,1000.0
3246,train,2847,1640,1000.0
3247,train,361,3770,1000.0
3248,train,590,4099,1739.6761711679715
3249,train,2467,2646,1542.9296758223616
3250,train,3580,780,4857.763601341183
3251,train,3485,369,1286.8825739794984
3252,train,1156,1296,1000.0
3253,train,901,297,1000.0
3254,train,1083,414,1212.6038490089784
3255,train,3981,65,1000.0
3256,train,2290,1434,4454.719424243693
3257,train,3573,2056,1000.0
3258,train,58,1662,2637.7609568888893
3259,train,252,891,1000.0
3260,train,1682,3659,3286.5845756130643
3261,train,2526,3739,1187.1369593320346
3262,train,548,172,2021.3439085521406
3263,train,2016,2031,2991.0334760888236
3264,train,3993,2410,1000.0
3265,train,3146,145,8452.897048691424
3266,train,1860,1906,2673.6183156641764
3267,train,290,2574,1000.0
3268,train,1788,1013,1000.0
3269,train,1052,2964,3683.6200230758086
3270,train,133,2123,1322.6476256856427
3271,train,2986,3516,1000.0
3272,train,3592,656,5168.220063069474
3273,train,1160,2585,6012.776614277153
3274,train,3440,1358,1286.0310537764249
3275,train,118,2059,5259.656702709872
3276,train,3926,2514,1000.0
3277,train,3122,140,1000.0
3278,train,1579,921,8334.13062880709
3279,train,1759,4082,1000.0
3280,train,490,2542,1000.0
3281,train,3367,2558,6281.32947139231
3282,train,902,2434,1000.0
3283,train,1027,2722,4910.437622167548
3284,train,834,286,1000.0
3285,train,2501,1490,2222.312584537262
3286,train,2408,671,4852.554293691267
3287,train,1605,4098,3832.7073717498542
3288,train,952,1080,1138.3431975537624
3289,train,3330,3787,1000.0
3290,train,918,3631,1000.0
3291,train,1039,978,5059.749583156692
3292,train,2825,1490,5689.247192446535
3293,train,240,605,1000.0
3294,train,2245,2777,1000.0
3295,train,3138,1558,1000.0
3296,train,3620,2743,1000.0
3297,train,1664,365,1000.0
3298,train,538,1342,1000.0
3299,train,1550,1247,1388.5720034336537
3300,train,882,1812,1000.0
3301,train,2032,2091,1000.0
3302,train,3777,572,3059.086581255911
3303,train,393,1953,1000.0
3304,train,716,2435,1000.0
3305,train,827,4044,2326.0088257793554
3306,train,4058,3039,1805.0608397721278
3307,train,124,3162,2095.6785149602374
3308,train,1212,2779,3574.7950384714777
3309,train,1974,3748,1000.0
3310,train,4027,673,1780.7820458380338
3311,train,2771,2891,1665.181622710771
3312,train,2200,2857,4163.441002412955
3313,train,161,1051,1000.0
3314,train,3322,1305,1047.0553529643028
3315,train,387,4068,1000.0
3316,train,1954,1089,2505.055367750655
3317,train,2474,3367,4057.018218435062
3318,train,3664,1332,1000.0
3319,train,2347,1183,1000.0
3320,train,3596,175,1000.0
3321,train,1518,156,1000.0
3322,train,2659,1215,1000.0
3323,train,2718,539,1352.4537977695672
3324,train,278,564,2032.6956926815399
3325,train,1496,2818,1000.0
3326,train,238,2856,2360.80784659012
3327,train,3934,741,2183.7721242785515
3328,train,3444,1267,1000.0
3329,train,1741,3814,1000.0
3330,train,271,1699,1000.0
3331,train,506,2594,1613.6726354139678
3332,train,1747,1512,1000.0
3333,train,3778,2862,1000.0
3334,train,2017,2464,1000.0
3335,train,623,2943,1000.68950739404
3336,train,1583,619,1000.0
3337,train,71,4114,1700.3890082616065
3338,train,3029,2905,2967.686937868961
3339,train,434,594,1000.0
3340,train,3240,388,10066.520215248378
3341,train,2569,2664,1000.0
3342,train,1642,3160,1000.0
3343,train,570,3621,1800.203967733093
3344,train,802,325,1107.2034235316848
3345,train,690,3858,1000.0
3346,train,110,1390,1705.8444487059412
3347,train,3031,3701,1000.0
3348,train,1840,1536,6774.565899728531
3349,train,3798,566,1000.0
3350,train,2078,3201,1000.0
3351,train,2060,2261,5482.855837790154
3352,train,219,1114,1000.0
3353,train,1510,1047,5502.326318768431
3354,train,3039,2587,2108.2208519039723
3355,train,2991,389,1286.3674371683708
3356,train,4129,3176,1388.8907894997124
3357,train,4140,968,1184.0682516212587
3358,train,2490,3929,5689.066604985993
3359,train,769,2411,1000.0
3360,train,2058,1392,1817.0734626690723
3361,train,303,3209,2221.9299861814375
3362,train,2022,3527,1000.0
3363,train,1964,1162,2523.2511849426855
3364,train,1405,3500,1000.0
3365,train,836,3234,1000.0
3366,train,2085,3642,1000.0
3367,train,367,3762,1000.0
3368,train,2795,2632,7656.271485501753
3369,train,1169,3656,1261.3661670767324
3370,train,708,1773,1000.0
3371,train,1336,3591,1000.0
3372,train,1213,936,1000.0
3373,train,2448,3912,1505.2718342281667
3374,train,2698,1346,1000.0
3375,train,583,789,1000.0
3376,train,3678,3505,1172.4516932306287
3377,train,669,2059,1000.0
3378,train,462,2016,1865.4528166207651
3379,train,836,2577,13736.111939549011
3380,train,1483,2951,1000.0
3381,train,889,3886,2404.011209763586
3382,train,3174,437,1000.0
3383,train,2049,3936,1362.6770619697745
3384,train,3773,1820,1000.0
3385,train,574,2889,18344.56280122361
3386,train,2477,4006,1000.0
3387,train,1578,2141,1000.0
3388,train,1739,1200,4338.253300588621
3389,train,1616,881,1000.0
3390,train,901,2875,3416.460618794078
3391,train,3309,2773,1451.9102906436685
3392,train,1095,1173,1363.2364581390125
3393,train,3000,1365,2973.2208814039254
3394,train,418,2120,1000.0
3395,train,2212,1202,10356.87067673208
3396,train,3892,1407,1000.0
3397,train,889,2887,3113.1854524525434
3398,train,3973,3785,1000.0
3399,train,2053,3827,1000.0
3400,train,1075,181,1799.0309328875064
3401,train,2197,1018,1180.0744102728888
3402,train,3201,233,3306.02196133755
3403,train,2397,1545,1000.0
3404,train,2194,2483,1000.0
3405,train,647,2528,6643.875854299847
3406,train,733,3297,1539.1967363498056
3407,train,551,2372,7656.091596473212
3408,train,815,3980,1000.0
3409,train,2924,264,1000.0
3410,train,3151,2417,1000.0
3411,train,4127,2980,1912.2029081488135
3412,train,2655,2925,1000.0
3413,train,239,1258,1000.0
3414,train,2731,1245,2630.2330010715764
3415,train,81,3052,1000.0
3416,train,2133,1271,2790.9189114837145
3417,train,2266,556,1000.0
3418,train,3420,2209,1000.0
3419,train,3592,3033,1000.0
3420,train,1382,3733,1454.0714116442077
3421,train,1010,3463,1352.772105115645
3422,train,2766,4058,1994.7660529803013
3423,train,1137,2736,1175.8429040586766
3424,train,2119,1329,1108.7408030819404
3425,train,1417,1880,1000.0
3426,train,2993,2471,3021.6337636188173
3427,train,1641,1891,1000.0
3428,train,1613,1840,1000.0
3429,train,3838,1775,6701.039715392101
3430,train,2739,957,2711.9934947052307
3431,train,3511,796,2576.6473652639816
3432,train,346,3927,3996.2401489847152
3433,train,4129,745,1000.0
3434,train,3013,422,1535.7117589753784
3435,train,2613,3732,1000.0
3436,train,3574,3910,1000.0
3437,train,2961,3577,1000.0
3438,train,571,1100,2198.361389608902
3439,train,2386,1803,1000.0
3440,train,2630,2783,1693.3819484933233
3441,train,3988,1187,1472.8094617333247
3442,train,1655,1383,1000.0
3443,train,3344,338,14255.518039131366
3444,train,620,1575,1000.0
3445,train,393,2630,1287.2752807515353
3446,train,2257,599,5261.611898441303
3447,train,1935,181,1000.0
3448,train,3028,1053,1431.2036957799653
3449,train,2438,3835,1814.3116153266424
3450,train,2768,474,1000.0
3451,train,4070,2639,13616.764703463785
3452,train,1643,2448,1046.7558903829524
3453,train,3494,1263,1000.0
3454,train,1341,1190,1066.881646984769
3455,train,2861,3651,1000.0
3456,train,2112,1416,1000.0
3457,train,2336,1361,1000.0
3458,train,1849,1441,1000.0
3459,train,43,926,1004.2806557279415
3460,train,1515,547,1000.0
3461,train,1466,1158,1000.0
3462,train,1976,2482,1000.0
3463,train,360,2804,24979.202570690046
3464,train,2963,669,2316.8355404317363
3465,train,3917,2134,1456.9328598130085
3466,train,4083,1667,1000.0
3467,train,2056,2817,13974.574741781433
3468,train,3380,352,3042.1933060791107
3469,train,4078,1936,1000.0
3470,train,2811,439,1000.0
3471,train,3286,420,17043.834612719576
3472,train,2275,737,1308.5432721175946
3473,train,4115,1335,1000.0
3474,train,1824,1133,1000.0
3475,train,3916,2532,3285.773477774727
3476,train,2321,1928,3715.0970439792354
3477,train,3686,3109,1000.0
3478,train,3393,3655,1000.0
3479,train,2840,4112,1041.6737805800633
3480,train,4034,3663,1000.0
3481,train,253,316,1000.0
3482,train,2839,2067,1724.137257885826
3483,train,1220,2167,1042.1104732409522
3484,train,3420,381,1000.0
3485,train,434,2158,1000.0
3486,train,1166,924,4937.101924115389
3487,train,570,916,1000.0
3488,train,176,409,1000.0
3489,train,845,3941,1107.180727557342
3490,train,792,2307,1000.0
3491,train,555,2692,2018.1278143081286
3492,train,4096,3424,1685.8548486733596
3493,train,4051,894,1000.0
3494,train,1761,2283,1000.0
3495,train,44,3772,1000.0
3496,train,4006,214,17189.609388082124
3497,train,3987,681,1000.0
3498,train,3698,910,1000.0
3499,train,221,441,1000.0
3500,train,2427,623,3857.9634346379153
3501,train,2272,403,1000.0
3502,train,3056,3206,2711.6167548390613
3503,train,3623,2956,1000.0
3504,train,1044,2170,1265.2974055518505
3505,train,4014,233,1000.0
3506,train,4093,3047,1340.3453075078914
3507,train,3899,2609,2363.017145745995
3508,train,3423,1422,3140.553435459229
3509,train,1627,168,1000.0
3510,train,2862,3085,1000.0
3511,train,3952,552,2060.6698141488537
3512,train,1044,825,1000.0
3513,train,731,2771,1039.864571900593
3514,train,1421,472,1198.4138588291275
3515,train,1470,1114,1000.0
3516,train,1939,3689,1000.0
3517,train,2011,1918,1277.05690490343
3518,train,1359,4117,1000.0
3519,train,4086,415,1960.648811285791
3520,train,2370,2337,2653.58080798912
3521,train,3614,3096,1000.0
3522,train,996,1174,1000.0
3523,train,2169,3031,1000.0
3524,train,3453,1056,1333.2217808654475
3525,train,3418,1959,2470.9741925865924
3526,train,313,4100,19385.807099204638
3527,train,1350,1728,1000.0
3528,train,73,1184,2159.2594085661576
3529,train,4,25,1000.0
3530,train,4087,1055,2871.515663677287
3531,train,3653,259,4556.420219486893
3532,train,3944,2074,1000.0
3533,train,2105,664,1000.0
3534,train,3678,654,1000.0
3535,train,1682,513,1000.0
3536,train,3742,1279,1000.0
3537,train,2660,3857,1000.0
3538,train,1009,2075,1000.0
3539,train,4118,2065,1000.0
3540,train,2327,2049,1075.5316680920325
3541,train,3742,2117,19616.102791947815
3542,train,1463,4142,3465.8790314815105
3543,train,53,673,5497.095461587135
3544,train,1543,1824,1000.0
3545,train,322,2663,1000.0
3546,train,707,3825,1000.0
3547,train,1552,3594,2794.2375511016717
3548,train,3037,3451,2053.6170570416725
3549,train,1283,3810,1010.5827601981986
3550,train,1048,1343,1000.0
3551,train,3493,3602,6236.629853349836
3552,train,1557,3858,1000.0
3553,train,3224,1035,1000.0
3554,train,4100,396,3073.870198847694
3555,train,2814,3782,1074.452293232342
3556,train,561,72,1000.0
3557,train,82,2577,1061.014119686544
3558,train,1431,3122,6225.641390423581
3559,train,3464,423,1759.8417919621927
3560,train,436,538,1000.0
3561,train,1083,3505,3481.3142531356593
3562,train,2650,2400,1000.0
3563,train,1495,2537,2233.035754997629
3564,train,1886,980,1194.2840359542413
3565,train,3116,1956,1768.1375560719935
3566,train,3740,2622,1000.0
3567,train,2401,44,8434.813908944165
3568,train,851,4114,1000.0
3569,train,2802,558,7212.752195305697
3570,train,3105,1995,1241.0072144699816
3571,train,882,164,4829.402496040169
3572,train,1247,3877,1000.0
3573,train,3166,961,2888.8383804199907
3574,train,2108,2958,4363.642962839111
3575,train,2017,408,1000.0
3576,train,482,1911,1882.4586162926462
3577,train,99,1892,11571.86613973597
3578,train,1178,3180,9840.921016927576
3579,train,4042,1848,1000.0
3580,train,2647,442,1000.0
3581,train,3612,832,1726.3265597624654
3582,train,2708,598,2690.982422447881
3583,train,3327,1169,1303.9762207125177
3584,train,1152,1642,2436.1511769190643
3585,train,682,798,1000.0
3586,train,1056,3563,1000.0
3587,train,1416,1396,1189.2915385461088
3588,train,1514,2371,1980.9167822852185
3589,train,2019,2329,1000.0
3590,train,3389,1617,5387.647736365538
3591,train,837,3567,1000.0
3592,train,1216,1546,6764.889050642771
3593,train,2511,2468,1825.463108027799
3594,train,1937,3832,12353.738358586548
3595,train,3124,2387,1000.0
3596,train,1990,711,1000.0
3597,train,878,1466,1820.976274060051
3598,train,10,823,14319.590045539439
3599,train,1212,2844,6150.457573281657
3600,train,4072,2463,1000.0
3601,train,1213,1649,6694.407875280812
3602,train,502,675,1000.0
3603,train,805,1007,1405.3268696038256
3604,train,1759,1577,1000.0
3605,train,3932,1158,1000.0
3606,train,518,3056,1898.8875285654092
3607,train,1759,518,1000.0
3608,train,3220,3821,1000.0
3609,train,1440,3576,2549.919101197529
3610,train,1095,1083,2134.7535057072696
3611,train,367,2631,3180.561819268318
3612,train,3987,2028,1000.0
3613,train,2771,2597,1000.0
3614,train,162,211,8268.737710574693
3615,train,1963,938,3665.976758349842
3616,train,1436,3608,1000.0
3617,train,904,852,1000.0
3618,train,2673,1942,3976.37920454485
3619,train,4093,1299,2098.50304607895
3620,train,1286,4025,1000.0
3621,train,872,3210,2218.928447406464
3622,train,2045,2686,1000.0
3623,train,124,4089,1000.0
3624,train,1285,2294,1000.0
3625,train,405,3116,1000.0
3626,train,1598,4034,8148.844211943609
3627,train,3862,3149,1000.0
3628,train,3397,1776,1000.0
3629,train,3475,2768,1000.0
3630,train,144,2363,1000.0
3631,train,1567,3280,1000.0
3632,train,67,2267,4472.905208968706
3633,train,2987,2922,3457.3097303897516
3634,train,2946,724,1938.1900218876083
3635,train,863,2633,1000.0
3636,train,1069,689,1000.0
3637,train,1392,3627,1605.208099918288
3638,train,1684,593,11602.539245524358
3639,train,735,3304,1000.0
3640,train,1830,2497,1000.0
3641,train,2356,3151,1000.0
3642,train,1078,929,1000.0
3643,train,3053,2608,1080.0352317231468
3644,train,305,440,1000.0
3645,train,851,2210,1287.0813630023058
3646,train,3679,3657,1610.4706164144902
3647,train,1162,1174,1000.0
3648,train,1853,3038,1000.0
3649,train,150,3147,1000.0
3650,train,1361,2675,1009.4202959672837
3651,train,4079,1415,1000.0
3652,train,2064,2248,1140.6291264416334
3653,train,2845,2319,1000.0
3654,train,2141,1130,4678.284970992521
3655,train,3135,3507,1875.9653303037217
3656,train,2731,328,1000.0
3657,train,1930,1217,1000.0
3658,train,1506,1698,6868.712908853824
3659,train,2201,3057,1000.0
3660,train,3194,1804,1000.0
3661,train,2603,3021,1272.3670354593355
3662,train,2236,3622,4465.982399993185
3663,train,4027,3359,1979.2232644120902
3664,train,2392,4129,2447.5046065095917
3665,train,2860,2656,1047.7651720758047
3666,train,3546,1189,4620.111932794827
3667,train,3177,2111,9898.359764386714
3668,train,3948,3568,1000.0
3669,train,1304,2856,2074.6867476122793
3670,train,703,2935,1000.0
3671,train,1970,497,1000.0
3672,train,424,483,1724.810037245986
3673,train,2548,1160,1000.0
3674,train,3575,1911,1836.4139496689718
3675,train,897,2947,1000.0
3676,train,793,25,1000.0
3677,train,2956,3401,3188.8851147499868
3678,train,1346,54,3920.37185794676
3679,train,3458,3954,3298.6277493371476
3680,train,1005,3200,1000.0
3681,train,185,658,2915.622245096982
3682,train,3837,4082,3965.9513069929662
3683,train,2538,1749,1000.0
3684,train,542,1731,1000.0
3685,train,1518,2361,1000.0
3686,train,776,1956,11431.485905280457
3687,train,3721,1783,1564.2324885587243
3688,train,1320,1037,1000.0
3689,train,1481,2196,1000.0
3690,train,3542,26,1000.0
3691,train,2561,1980,1000.0
3692,train,3593,2689,1000.0
3693,train,2231,615,6631.2738190276095
3694,train,2829,2429,1229.4782244105484
3695,train,216,1919,1727.4159417174199
3696,train,2406,3558,1255.701326759162
3697,train,3157,2098,2030.0909932774932
3698,train,3386,3280,1000.0
3699,train,751,146,1000.0
3700,train,1399,1498,1712.178914250887
3701,train,2332,3878,1000.0
3702,train,2915,3539,1000.0
3703,train,4058,387,1000.0
3704,train,2349,2366,1000.0
3705,train,3298,2913,3450.90366990286
3706,train,2984,1687,1000.0
3707,train,3474,3060,1000.0
3708,train,3900,2947,1000.0
3709,train,3166,794,1000.0
3710,train,2150,2698,1000.0
3711,train,2614,2800,4088.3349697151866
3712,train,1128,2879,1000.0
3713,train,2589,3747,1380.0511676665014
3714,train,1651,1649,1000.0
3715,train,3123,1679,1844.3203630858086
3716,train,1012,2242,8873.10094174527
3717,train,3368,1237,5290.250650493983
3718,train,3523,529,4969.791140119663
3719,train,3996,3983,8664.653815136853
3720,train,1878,827,1000.0
3721,train,1509,1016,3320.0641745975686
3722,train,1995,381,1302.883490254444
3723,train,3942,2497,21437.455312741266
3724,train,3098,3318,4702.556784640801
3725,train,2583,2327,3704.898614264021
3726,train,2428,704,3910.9939305904695
3727,train,1696,2295,1000.0
3728,train,3822,243,1000.0
3729,train,811,587,3124.6632961714818
3730,train,1228,814,1000.0
3731,train,3291,3890,1000.0
3732,train,2099,3088,8431.044852910649
3733,train,2029,2997,1000.0
3734,train,1684,3852,1000.0
3735,train,1257,2744,1000.0
3736,train,389,1677,4437.300477458058
3737,train,1609,1801,1000.0
3738,train,3940,3935,3072.8613398487787
3739,train,2375,407,1000.0
3740,train,897,175,5339.96920541145
3741,train,636,2672,1000.0
3742,train,616,4013,1311.200618854334
3743,train,2487,4010,1000.0
3744,train,3295,2423,1000.0
3745,train,1306,3679,1000.0
3746,train,2711,3450,13022.103848834937
3747,train,2233,3932,1840.6950706523226
3748,train,1048,826,2538.072070861437
3749,train,523,2312,1251.6299605350812
3750,train,1023,2688,1000.0
3751,train,2609,1476,1000.0
3752,train,894,4074,1000.0
3753,train,578,269,66922.9369225539
3754,train,1216,1469,2267.5872291459877
3755,train,3289,3463,1000.0
3756,train,2446,2261,2857.7079387679714
3757,train,2967,3181,1000.0
3758,train,3007,3935,6303.819419608972
3759,train,2901,1833,21280.994842204625
3760,train,4086,79,1000.0
3761,train,3971,1418,1000.0
3762,train,2969,2184,1000.0
3763,train,1549,2963,1000.0
3764,train,2531,2522,1000.0
3765,train,3561,1851,1000.0
3766,train,3265,1308,1985.1500473583792
3767,train,549,1039,6270.470500820799
3768,train,558,2591,1000.0
3769,train,3312,2322,1000.0
3770,train,912,1272,1000.0
3771,train,2132,1210,1000.0
3772,train,920,1388,3910.530510477237
3773,train,2438,4032,2110.8024697986434
3774,train,1851,1604,1650.205741449672
3775,train,771,798,1000.0
3776,train,2575,3314,1000.0
3777,train,751,3116,1000.0
3778,train,2504,2151,1000.0
3779,train,564,1249,2596.6820810691925
3780,train,400,1922,1000.0
3781,train,2107,4014,1000.0
3782,train,3380,752,1000.0
3783,train,2489,3064,16796.34638728075
3784,train,2550,793,1589.636051787503
3785,train,4110,1361,1226.035277714612
3786,train,1979,1722,1222.923149415113
3787,train,1689,2359,3095.9332944017715
3788,train,1271,3351,1000.0
3789,train,4117,3503,1485.8906329795939
3790,train,1288,3657,1000.0
3791,train,4083,3616,1000.0
3792,train,2293,2983,1009.2654791599289
3793,train,1776,1713,1000.0
3794,train,860,1059,1000.0
3795,train,3283,2530,1000.0
3796,train,359,3900,1000.0
3797,train,1567,986,1000.0
3798,train,569,2354,46843.7580821008
3799,train,3026,2143,1000.0
3800,train,168,2085,5682.484216557145
3801,train,3819,2023,5273.185138162863
3802,train,2713,1400,1000.0
3803,train,3232,2849,3128.934617452657
3804,train,2365,750,1000.0
3805,train,1962,1008,1386.2162823776798
3806,train,788,3772,1426.7014011033805
3807,train,3016,3113,3211.0815534199087
3808,train,3573,3005,1000.0
3809,train,1911,612,1000.0
3810,train,1719,2849,1000.0
3811,train,3212,1606,1000.0
3812,train,1268,295,1000.0
3813,train,3745,1572,1000.0
3814,train,3462,1262,1000.0
3815,train,779,1688,1000.0
3816,train,3368,459,1000.0
3817,train,3485,2430,1000.0
3818,train,1004,3371,1000.0
3819,train,2461,781,14181.714281127093
3820,train,3236,3420,1000.0
3821,train,300,1317,3971.6839352965353
3822,train,2833,2486,1000.0
3823,train,563,2656,1000.0
3824,train,2061,687,13784.485543843623
3825,train,2736,3859,1000.0
3826,train,3205,2629,1000.0
3827,train,1079,3813,1000.0
3828,train,3390,692,1000.0
3829,train,2357,24,1000.0
3830,train,1056,2447,3635.2960148993902
3831,train,3316,1342,1000.0
3832,train,2987,111,1000.0
3833,train,1090,1781,1993.1814088047693
3834,train,1327,4000,1000.0
3835,train,294,189,1819.1899881820543
3836,train,3516,540,5080.795134452805
3837,train,2944,1298,2393.5175625672796
3838,train,2419,1961,1000.0
3839,train,3006,2582,1691.4111795125455
3840,train,1418,3462,9605.60090133905
3841,train,3179,3580,10911.029692105216
3842,train,2814,171,1000.0
3843,train,3579,1065,2339.0708298734958
3844,train,4051,616,4368.772770926329
3845,train,1059,2761,1000.0
3846,train,2586,302,28395.50087875804
3847,train,2800,3795,1000.0
3848,train,2422,3582,1184.1982672042675
3849,train,2391,3248,1991.8760921712646
3850,train,3252,1884,1618.1023830450026
3851,train,3504,1749,2579.8272226379936
3852,train,1910,2483,1152.9788102941948
3853,train,2147,1028,2462.9765853898775
3854,train,171,3544,4025.7317584357966
3855,train,3931,2631,1000.0
3856,train,3165,1141,10734.464139452502
3857,train,283,637,3365.055463535982
3858,train,2424,3485,1000.0
3859,train,2439,1454,1499.4707048096604
3860,train,2256,2924,1000.0
3861,train,2645,520,1000.0
3862,train,2440,1414,1138.7183249596533
3863,train,2682,2157,1000.0
3864,train,420,150,2295.2760165805353
3865,train,1927,2885,3433.632513453282
3866,train,535,2124,1294.2614807986965
3867,train,221,126,1353.283419067642
3868,train,2785,515,1000.0
3869,train,213,2848,8105.345748958344
3870,train,3259,1705,21285.11637022328
3871,train,2322,2006,1000.0
3872,train,3692,785,1000.0
3873,train,4032,775,3599.626471050637
3874,train,4000,3546,1000.0
3875,train,1417,2401,2178.890124630367
3876,train,102,4008,1000.0
3877,train,3769,924,2149.2974479182562
3878,train,1961,134,1000.0
3879,train,33,2653,1173.7493516871994
3880,train,1378,840,1007.1630626741384
3881,train,3955,3341,1000.0
3882,train,2124,3799,2284.5241623195498
3883,train,1694,1912,3317.6633050481523
3884,train,3290,2301,1000.0
3885,train,1323,3851,2397.8957900074597
3886,train,288,2276,1000.0
3887,train,2584,3447,1000.0
3888,train,911,2128,1000.0
3889,train,1932,2182,1140.7741967189547
3890,train,2146,1622,1075.583849741597
3891,train,1019,2597,1000.0
3892,train,2912,2661,1000.0
3893,train,711,1361,1000.0
3894,train,2730,3706,1000.0
3895,train,1150,573,1000.0
3896,train,2505,2628,1151.0595685307112
3897,train,3214,2495,2587.260315071106
3898,train,3062,1365,7698.085448873699
3899,train,549,3918,1000.0
3900,train,308,667,7698.257552706555
3901,train,2442,3249,12542.391071966824
3902,train,1178,537,1000.0
3903,train,1865,3532,1000.0
3904,train,1254,1139,1846.4292992280716
3905,train,1269,2703,3372.0681414330866
3906,train,2584,798,4774.249137603161
3907,train,877,1429,2589.719943392207
3908,train,1884,3255,1003.7282815204144
3909,train,2252,4107,1000.0
3910,train,1085,1721,1000.0
3911,train,2415,1544,1014.9195581010263
3912,train,1276,3305,1000.0
3913,train,885,3398,1928.173631681582
3914,train,2915,1342,1000.0
3915,train,1711,896,3458.5967468341905
3916,train,918,1166,8182.370971068618
3917,train,1138,4003,2609.6976398464562
3918,train,3854,969,1000.0
3919,train,1920,2975,3013.31078784934
3920,train,142,4049,1000.0
3921,train,717,3130,1000.0
3922,train,3565,1106,1422.6426822971243
3923,train,2697,1040,3452.7338879964577
3924,train,1624,1152,1000.0
3925,train,969,2810,1000.0
3926,train,611,1393,1000.0
3927,train,1182,867,2575.034622552563
3928,train,4065,2040,1000.0
3929,train,102,921,1031.4030474091521
3930,train,553,849,1000.0
3931,train,3148,23,1000.0
3932,train,2953,837,2122.982786446616
3933,train,1023,2875,2239.9572363368775
3934,train,3228,1686,1677.9472647551067
3935,train,1900,2916,3468.91425744572
3936,train,3862,2736,1000.0
3937,train,450,3902,2162.1030660562797
3938,train,2636,1575,1404.4471022252915
3939,train,2530,4120,1000.0
3940,train,1775,2799,1000.0
3941,train,1363,3640,1000.0
3942,train,2475,1075,2977.892192300345
3943,train,1386,2888,1000.0
3944,train,3821,1800,5739.07154195552
3945,train,2544,1183,1000.0
3946,train,3664,3855,1000.0
3947,train,829,1343,4951.672353484555
3948,train,2773,720,1000.0
3949,train,152,3095,1000.0
3950,train,533,3025,1000.0
3951,train,1690,2961,1000.0
3952,train,18,3841,10575.40845056139
3953,train,3286,1712,1000.0
3954,train,249,2689,3229.1424470636316
3955,train,3154,3553,1000.0
3956,train,2157,1027,1000.0
3957,train,1858,3980,2560.5228011734926
3958,train,2655,1691,9108.228783150736
3959,train,575,3830,9571.645773991164
3960,train,141,545,3825.2239974292074
3961,train,2441,2725,1000.0
3962,train,3471,2581,1000.0
3963,train,2088,2206,1000.0
3964,train,1368,4062,4347.587943760837
3965,train,136,3827,1000.0
3966,train,3825,3801,1369.548212450438
3967,train,876,626,2246.201147056203
3968,train,3807,1603,1000.0
3969,train,3487,2436,1424.7441442671707
3970,train,2104,3888,1232.1818825974808
3971,train,2520,3294,1292.2747539773816
3972,train,31,1176,1776.4611539511618
3973,train,1759,1774,1000.0
3974,train,1246,3640,1000.0
3975,train,2926,2674,1026.363500345171
3976,train,3618,3121,1000.0
3977,train,3474,665,1653.5348251322118
3978,train,528,1411,1572.7145327408375
3979,train,807,1445,1000.0
3980,train,2485,3440,1000.0
3981,train,2067,798,1000.0
3982,train,3480,1873,2071.7379546342254
3983,train,2195,3507,2188.9344203000196
3984,train,1003,816,1000.0
3985,train,3834,1025,1000.0
3986,train,709,3207,1000.0
3987,train,1727,1553,1000.0
3988,train,3247,419,1000.0
3989,train,3522,3616,2999.1953442360277
3990,train,1676,1754,1000.0
3991,train,3398,3729,1000.0
3992,train,3230,3712,2068.1024031662278
3993,train,1782,1817,1000.0
3994,train,150,2734,1000.0
3995,train,152,1536,5536.552043645948
3996,train,2233,2166,1000.0
3997,train,969,3332,1000.0
3998,train,1822,2416,1909.5197241274866
3999,train,996,1150,1000.0
4000,train,2417,3138,1321.3360687363424
4001,train,4033,3078,1000.0
4002,train,3868,3446,2289.419151830057
4003,train,575,1830,1000.0
4004,train,3864,1289,1000.0
4005,train,1012,3816,1350.6574475398477
4006,train,306,1891,2924.674023724303
4007,train,553,939,1000.0
4008,train,2177,3565,7102.880030573542
4009,train,2937,371,1356.5810608698634
4010,train,1922,2823,1850.2890277117076
4011,train,65,3716,1000.0
4012,train,4095,2684,1000.0
4013,train,3149,3819,1444.9647652486321
4014,train,1242,474,2204.104698152305
4015,train,3562,3972,1000.0
4016,train,3303,1777,1000.0
4017,train,1481,1755,1384.4786854096717
4018,train,642,2135,1000.0
4019,train,193,3216,1000.0
4020,train,3482,703,1000.0
4021,train,1840,3173,1000.0
4022,train,2817,3066,1755.3617766787345
4023,train,3752,3206,1000.0
4024,train,2632,2430,10911.377951800463
4025,train,489,3926,13301.764993681547
4026,train,1028,2267,3102.593182909106
4027,train,3938,901,1000.0
4028,train,1642,2156,1181.208376543095
4029,train,1592,1265,2312.188457956017
4030,train,1197,2040,1357.5041226252283
4031,train,1561,3073,1000.0
4032,train,1788,2425,1000.0
4033,train,1002,3196,1000.0
4034,train,1181,716,1445.3219408197283
4035,train,910,2864,1000.0
4036,train,3070,3026,1000.0
4037,train,1265,470,3880.208419371211
4038,train,3767,2712,1000.0
4039,train,565,351,2287.182169127704
4040,train,2960,3189,1000.0
4041,train,3124,2100,1000.0
4042,train,3103,4025,1000.0
4043,train,4091,3080,1972.9616024996913
4044,train,3642,3698,3850.77882588066
4045,train,69,2400,4092.500355060685
4046,train,1077,2242,1000.0
4047,train,1291,3465,1000.0
4048,train,3326,3901,1000.0
4049,train,3219,3263,4901.292409316373
4050,train,2006,1638,3458.618737618057
4051,train,3035,3954,2810.3321139792224
4052,train,2002,2536,5959.666793526677
4053,train,2516,150,1000.0
4054,train,363,2454,1000.0
4055,train,3385,2684,1000.0
4056,train,4088,3383,1000.0
4057,train,2752,3247,3218.323362908589
4058,train,3306,2678,2938.500108496145
4059,train,3612,546,6736.455899559252
4060,train,2399,4088,2719.892810452539
4061,train,786,2794,1000.0
4062,train,3394,2006,1000.0
4063,train,2745,1074,1279.723492304303
4064,train,2294,2632,1000.0
4065,train,3062,3103,1721.7596781783755
4066,train,601,391,5068.959222565204
4067,train,2269,3154,1000.0
4068,train,3996,1100,1955.994772847624
4069,train,2151,1826,2180.1029208496357
4070,train,3436,1027,1000.0
4071,train,2804,2629,1000.0
4072,train,1134,1585,1129.4819789852563
4073,train,3235,81,7400.568302236666
4074,train,3934,2628,1000.0
4075,train,3334,1908,3931.934280982076
4076,train,3657,243,1966.2848555493797
4077,train,3308,1038,1000.0
4078,train,3776,1853,3686.808709049458
4079,train,2851,1085,1000.0
4080,train,3631,2404,1665.3476128675688
4081,train,4045,697,1947.044221131166
4082,train,446,1831,1726.3624982553151
4083,train,2115,540,2449.248450794154
4084,train,3377,3899,1220.3326425851646
4085,train,1406,483,2647.8261655038696
4086,train,2710,801,1000.0
4087,train,1252,632,1000.0
4088,train,2908,1542,1666.397455600374
4089,train,1694,2289,1000.0
4090,train,291,3901,1186.3018719467043
4091,train,2120,1971,1000.0
4092,train,3466,1641,1000.0
4093,train,2333,121,1000.0
4094,train,454,2126,1000.0
4095,train,303,1150,1107.8740544709124
4096,train,1398,4012,52400.87394955259
4097,train,2447,1896,1000.0
4098,train,1194,464,1000.0
4099,train,3244,1208,1000.0
4100,train,1356,3724,1000.0
4101,train,2321,882,19990.336644968374
4102,train,3948,3664,1000.0
4103,train,505,694,1000.0
4104,train,2893,208,18617.5839492791
4105,train,2780,3325,1000.0
4106,train,2054,2774,1000.0
4107,train,58,3557,2829.4695299301593
4108,train,3761,2924,1000.0
4109,train,2917,776,4967.80631456337
4110,train,1735,1664,1000.0
4111,train,4086,3456,1000.0
4112,train,2846,3682,1000.0
4113,train,3187,1702,1168.2596007603106
4114,train,2067,1113,2949.683111582455
4115,train,2665,4118,1000.0
4116,train,2071,985,1000.0
4117,train,2938,2127,1267.2467213475177
4118,train,85,2378,3766.308866557561
4119,train,795,3912,2711.6527532728023
4120,train,1305,1096,5223.620561493629
4121,train,3994,2375,1000.0
4122,train,3020,2292,1000.0
4123,train,1761,1865,1000.0
4124,train,508,3461,1000.0
4125,train,2093,3577,1000.0
4126,train,3285,278,1000.0
4127,train,2617,1515,1000.0
4128,train,2485,1067,4079.262048789353
4129,train,2092,3091,1000.0
4130,train,2997,1176,1000.0
4131,train,3343,1636,1000.0
4132,train,3676,2802,1000.0
4133,train,3268,1803,3164.093999259526
4134,train,493,3652,1000.0
4135,train,544,1416,33264.052774140655
4136,train,1975,1427,1000.0
4137,train,3925,3064,1985.9003529167887
4138,train,994,2635,1000.0
4139,train,3825,2595,1000.0
4140,train,3373,1384,1000.0
4141,train,3968,177,1000.0
4142,train,1794,283,1000.0
4143,train,965,451,1000.0
4144,train,2229,250,1602.640700043086
4145,train,792,1630,1000.0
4146,train,1475,2441,1818.8730880101834
4147,train,737,1674,13010.531728437814
4148,train,4073,329,1000.0
4149,train,2313,1166,1759.6593327927455
4150,train,2463,3898,1000.0
4151,train,3064,2771,6037.855525100685
4152,train,283,414,3730.908987938005
4153,train,3444,3828,1000.0
4154,train,2774,2251,1991.439441079287
4155,train,1616,296,1000.0
4156,train,2028,3042,1000.0
4157,train,654,36,1000.0
4158,train,3351,2920,1000.0
4159,train,1897,3861,1000.0
4160,train,4066,1108,3717.181591355
4161,train,1586,1908,1640.5146687910683
4162,train,393,611,2837.200767537936
4163,train,1223,1955,1000.0
4164,train,2988,3798,1000.0
4165,train,142,831,1000.0
4166,train,2317,3071,1000.0
4167,train,536,4086,1000.0
4168,train,1336,1450,4350.39548103341
4169,train,1636,2456,5954.6720786499845
4170,train,2943,999,1000.0
4171,train,854,1197,1000.0
4172,train,2275,938,1000.0
4173,train,2060,207,1231.0711094275266
4174,train,1850,1792,1000.0
4175,train,2496,414,2075.270228850054
4176,train,3034,481,1000.0
4177,train,923,1578,2136.6785247027005
4178,train,1860,105,1000.0
4179,train,2019,140,2365.2158374839123
4180,train,438,60,1000.0
4181,train,3793,3188,2809.8529246639746
4182,train,3629,3744,1000.0
4183,train,1175,3341,1000.0
4184,train,771,4054,4327.9507085435325
4185,train,3424,584,1000.0
4186,train,3810,2497,2388.5352828902755
4187,train,3749,4107,1000.0
4188,train,1235,375,4531.429887551233
4189,train,3460,2912,1000.0
4190,train,3862,2030,1000.0
4191,train,1911,3942,2946.0549368806846
4192,train,1747,3559,2971.1991541739467
4193,train,1836,2687,1000.0
4194,train,347,1847,1000.0
4195,train,2103,3850,3008.1038827812854
4196,train,1488,1006,1000.0
4197,train,2458,293,1000.0
4198,train,2032,3995,9991.531575276802
4199,train,2115,104,1000.0
4200,train,2603,912,1000.0
4201,train,3597,929,1000.0
4202,train,3277,2457,3803.9831217202436
4203,train,3561,1553,1000.0
4204,train,3405,921,1208.5700160187762
4205,train,2111,4006,8907.932958194993
4206,train,623,3949,7929.0073710186725
4207,train,735,2171,1682.6912201116675
4208,train,3765,2471,1000.0
4209,train,1024,1779,2277.1558561731895
4210,train,2810,950,3269.4639482717016
4211,train,3293,3892,1000.0
4212,train,3881,1662,11790.12718603157
4213,train,4139,4122,1000.0
4214,train,2023,1276,1234.4389527456833
4215,train,4123,574,3267.1556262838258
4216,train,3270,2587,1000.0
4217,train,3261,3007,1000.0
4218,train,190,1276,1093.5668720507078
4219,train,979,2592,1000.0
4220,train,336,3609,1000.0
4221,train,3985,2880,1000.0
4222,train,748,3722,3812.3982341032424
4223,train,796,3348,1000.0
4224,train,3895,2498,4718.173358498287
4225,train,293,2904,1000.0
4226,train,2048,4023,1000.0
4227,train,4108,1789,2172.7924874209984
4228,train,927,1321,3805.908869827331
4229,train,2923,253,1000.0
4230,train,231,2300,2241.2565555636634
4231,train,1332,2203,3890.2082411650204
4232,train,1592,1285,1000.0
4233,train,918,4052,1000.0
4234,train,2376,2815,1000.0
4235,train,2528,112,2238.9844181927897
4236,train,2798,2120,1000.0
4237,train,1618,2813,1300.2058312060894
4238,train,389,2585,1000.0
4239,train,3463,3819,2538.955840304781
4240,train,483,2396,1000.0
4241,train,3018,1130,1000.0
4242,train,2821,1073,3328.3551117514776
4243,train,3615,1485,3843.6066072906947
4244,train,3464,3483,1000.0
4245,train,2140,875,1831.9191129583053
4246,train,815,4070,2476.8669891942186
4247,train,1638,143,1000.0
4248,train,783,2198,1969.0052724003726
4249,train,3814,3851,1494.072668559148
4250,train,3586,2174,1000.0
4251,train,116,2516,1000.0
4252,train,2343,2346,1484.1635982705134
4253,train,1847,2968,1000.0
4254,train,331,2054,1159.686143416493
4255,train,1798,3576,6051.940829962217
4256,train,3829,2838,1060.2598378574928
4257,train,689,3764,1000.0
4258,train,1831,3548,1000.0
4259,train,2699,2261,15564.429192257583
4260,train,1737,3,1000.0
4261,train,3848,3526,1000.0
4262,train,3049,3260,1273.5678076925099
4263,train,1430,3295,5204.28796079726
4264,train,1988,521,1901.749047378417
4265,train,1107,1952,1000.0
4266,train,3569,1246,1095.063264223172
4267,train,1482,3557,1000.0
4268,train,1689,256,5779.333700966095
4269,train,168,1556,1000.0
4270,train,537,706,1000.0
4271,train,3574,636,1139.266784052183
4272,train,117,591,1000.0
4273,train,2130,1734,1000.0
4274,train,2668,3820,4472.3694957533135
4275,train,896,1077,1000.0
4276,train,2982,1657,1000.0
4277,train,927,1130,1000.0
4278,train,822,1816,1000.0
4279,train,429,1793,3816.1460204916866
4280,train,3725,2378,1000.0
4281,train,865,3485,2031.6639053658803
4282,train,1961,3991,1000.0
4283,train,958,1540,3301.907840620009
4284,train,1881,2564,1000.0
4285,train,3206,1046,3714.392792215249
4286,train,3008,1374,1000.0
4287,train,511,3025,1000.0
4288,train,3742,1711,2392.3862147748137
4289,train,1294,3169,1000.0
4290,train,2285,1,1000.0
4291,train,2994,2349,5253.768629269168
4292,train,334,491,1158.3470944599978
4293,train,1259,1428,2729.5402605405798
4294,train,1048,4124,5535.891734894481
4295,train,2081,1136,1000.0
4296,train,33,2339,1082.1985073347294
4297,train,3108,2253,1902.3711344464234
4298,train,3972,1246,1000.0
4299,train,3836,3303,1476.697310826476
4300,train,1705,489,2186.3593962082846
4301,train,601,2382,1000.0
4302,train,2774,1528,1000.0
4303,train,3596,2252,3543.318207870828
4304,train,188,1233,1000.0
4305,train,3869,552,1000.0
4306,train,1684,196,1930.2821385381985
4307,train,2453,3784,1000.0
4308,train,2429,1434,1458.7299653295363
4309,train,2746,2984,1000.0
4310,train,1122,3463,1000.0
4311,train,3244,1573,3511.3214225779793
4312,train,1912,443,3936.1820555821414
4313,train,1861,3488,1000.0
4314,train,3127,93,1021.6840391512874
4315,train,1550,2130,1000.0
4316,train,3363,1002,6231.83510049492
4317,train,808,1469,5105.02324983609
4318,train,2017,1021,1452.3305898744259
4319,train,2635,2325,1513.6076177668347
4320,train,1899,2605,1000.0
4321,train,3930,1099,2946.8705628968587
4322,train,2643,1747,2945.358917454615
4323,train,727,1214,2003.3771695446214
4324,train,4048,2906,1481.2369306225778
4325,train,528,778,1000.0
4326,train,2024,1666,1000.0
4327,train,2747,3802,1000.0
4328,train,1541,2170,4200.615455241879
4329,train,9,1032,1000.0
4330,train,2597,1718,1000.0
4331,train,3722,3109,1139.9890639716598
4332,train,301,873,1000.0
4333,train,2295,33,13225.464296796965
4334,train,2041,3033,1000.0
4335,train,584,984,1000.0
4336,train,2746,2235,1000.0
4337,train,2633,3121,1000.0
4338,train,759,2762,1000.0
4339,train,3909,2655,1994.5366058271293
4340,train,1699,1628,10934.462698582347
4341,train,1565,2079,1000.0
4342,train,3832,3263,4341.317658868155
4343,train,1738,1664,1000.0
4344,train,2086,2193,1000.0
4345,train,3440,2719,1000.0
4346,train,2354,3786,2143.4196352976064
4347,train,2770,3302,1977.1938909427467
4348,train,1075,1122,1624.1458129166522
4349,train,3470,120,4489.242171264023
4350,train,2208,877,1000.0
4351,train,1207,3293,1279.2872419074379
4352,train,326,4015,1000.0
4353,train,1331,3069,1000.0
4354,train,3213,2774,10337.86513293419
4355,train,861,220,1215.1582152259316
4356,train,3529,3427,1000.0
4357,train,3785,3792,1000.0
4358,train,1461,2731,1000.0
4359,train,3000,3007,1000.0
4360,train,1533,1172,2325.7024942509156
4361,train,3783,3172,1000.0
4362,train,1995,2342,8658.0754603839
4363,train,362,2797,2425.306192979495
4364,train,1289,1845,1103.9131241010982
4365,train,1875,49,1162.07828158409
4366,train,2170,3282,2054.9408942838168
4367,train,375,3855,1575.0493266094652
4368,train,3294,2216,1573.5522499011051
4369,train,3749,2318,2447.1751762206586
4370,train,3460,130,1237.5629606693965
4371,train,1989,3104,1000.0
4372,train,206,63,1000.0
4373,train,3728,1223,1916.8908187070358
4374,train,4029,1099,3777.3491999845587
4375,train,2243,1842,1000.0
4376,train,3652,4124,1124.0294077043648
4377,train,1347,637,1000.0
4378,train,1507,139,11257.305157211335
4379,train,1325,3796,1000.0
4380,train,715,784,4330.242500514501
4381,train,2051,555,1000.0
4382,train,4014,1314,1000.0
4383,train,3769,390,1000.0
4384,train,2457,1267,1223.3097963794346
4385,train,2587,4074,1000.0
4386,train,120,3471,15745.635821598711
4387,train,3621,1912,1000.0
4388,train,126,174,1000.0
4389,train,650,1654,13410.762192038404
4390,train,64,2960,1967.0736354008702
4391,train,476,3572,3962.6391339844054
4392,train,3154,2551,1000.0
4393,train,3232,1026,1000.0
4394,train,600,522,1000.0
4395,train,4023,1685,1000.0
4396,train,8,3146,1000.0
4397,train,3499,115,1000.0
4398,train,2623,4065,1000.0
4399,train,1625,2226,1000.0
4400,train,2101,1629,5299.383052988441
4401,train,2196,3681,22561.65375963069
4402,train,1625,2112,1000.0
4403,train,1285,3974,1166.6011415686355
4404,train,1153,981,1000.0
4405,train,227,2515,1305.7263857324256
4406,train,1948,2591,4693.234685467221
4407,train,68,3483,1000.0
4408,train,650,3832,2384.985236864428
4409,train,395,1134,1000.0
4410,train,2936,1633,2975.5586648680346
4411,train,1871,1745,1000.0
4412,train,1681,1372,1752.9311159322112
4413,train,3024,2033,1000.0
4414,train,553,1012,1000.0
4415,train,482,3148,1000.0
4416,train,1065,2094,1000.0
4417,train,2273,130,1000.0
4418,train,855,2666,17878.230743182754
4419,train,2291,1688,4145.937585113883
4420,train,26,2888,1016.452414639239
4421,train,31,980,1000.0
4422,train,4012,2071,1000.1157469508906
4423,train,749,104,1000.0
4424,train,194,1316,1000.0
4425,train,2207,2445,1000.0
4426,train,913,1491,2092.2831800303056
4427,train,2607,4024,1000.0
4428,train,2037,3598,1000.0
4429,train,339,1970,2594.2909025058725
4430,train,3639,1595,1000.0
4431,train,3851,2190,2273.729132052648
4432,train,2068,1230,1050.4652050370948
4433,train,3365,3485,6030.8474165415555
4434,train,1462,341,1000.0
4435,train,2419,3305,1115.7927141022435
4436,train,493,1559,1000.0
4437,train,4119,1140,13162.556186516547
4438,train,3216,2238,1000.0
4439,train,764,720,1000.0
4440,train,3147,2519,1000.0
4441,train,3830,1332,1100.6884613722389
4442,train,826,3229,4601.853464179892
4443,train,3563,2687,1000.0
4444,train,1527,2415,1066.8056676017695
4445,train,3196,2470,1094.295170625327
4446,train,2433,3715,1000.0
4447,train,1333,2994,7860.9533405907905
4448,train,1298,3455,1000.0
4449,train,4114,3618,12496.323466351861
4450,train,4019,3174,3816.0473471037394
4451,train,1441,2184,8644.993725298966
4452,train,379,2688,1071.2372579209903
4453,train,1456,2631,1036.9102253028161
4454,train,1482,1053,1000.0
4455,train,2081,1190,1000.0
4456,train,2176,3222,11434.673573938759
4457,train,4005,3799,1441.9273938950598
4458,train,3862,3130,9850.713834822194
4459,train,2317,2940,1827.6816204393729
4460,train,1454,3080,8462.65511874723
4461,train,2065,2724,1000.0
4462,train,1194,1642,1000.0
4463,train,258,3018,2393.9611694303294
4464,train,1302,1785,1000.0
4465,train,934,2412,1000.0
4466,train,983,3889,3572.8831723564876
4467,train,1698,2855,1000.0
4468,train,1240,234,1039.9476111883537
4469,train,3512,3408,4362.040987981615
4470,train,3531,756,1035.1412540672552
4471,train,3413,3781,12216.371777270415
4472,train,1801,4018,6365.956534168813
4473,train,37,2525,6258.33655739696
4474,train,111,2846,2130.3489528395357
4475,train,1057,1413,29945.586740466373
4476,train,105,590,1022.8059926116802
4477,train,3107,101,1000.0
4478,train,3582,3469,1500.5409921322803
4479,train,1664,1611,1362.9627872907602
4480,train,409,2443,1000.0
4481,train,790,1870,4232.445637640367
4482,train,3132,2916,1000.0
4483,train,1607,1117,4311.827509796805
4484,train,168,2340,1185.066293439497
4485,train,2673,1157,1000.0
4486,train,2455,2025,1000.0
4487,train,141,1523,1483.820984454945
4488,train,367,4012,1000.0
4489,train,2245,3844,15395.594443696393
4490,train,3593,1691,1000.0
4491,train,59,191,7427.7755545377295
4492,train,2888,352,23271.282050409725
4493,train,108,1195,1562.644701741877
4494,train,40,3237,2640.534088723858
4495,train,1857,134,1000.0
4496,train,2653,3122,1000.0
4497,train,1609,1097,4890.6491172642445
4498,train,3245,448,1000.0
4499,train,1055,628,1000.0
4500,train,1605,2450,1336.7072543333425
4501,train,3266,4107,10926.706048691622
4502,train,1503,703,1000.0
4503,train,3905,2010,1023.5141613890152
4504,train,3687,2960,2247.9337333967565
4505,train,2829,1808,2781.3068628551764
4506,train,3043,432,1000.0
4507,train,1480,396,1000.0
4508,train,2496,3722,1965.496489114108
4509,train,1131,3895,1000.0
4510,train,933,2275,1757.821747335681
4511,train,3256,1232,1000.0
4512,train,2244,3797,1000.0
4513,train,1910,2983,1836.7209519935318
4514,train,3455,2071,1000.0
4515,train,1759,3522,1000.0
4516,train,51,1126,1000.0
4517,train,500,1852,15990.517983763593
4518,train,2977,1128,1000.0
4519,train,197,3047,9065.749394718461
4520,train,3613,491,1000.0
4521,train,547,106,1000.0
4522,train,2214,1446,4040.468147300269
4523,train,2346,3763,1675.3287696545005
4524,train,1184,2389,1186.4421522916648
4525,train,1243,848,1000.0
4526,train,1664,996,1000.0
4527,train,140,2221,1000.0
4528,train,2798,2568,1000.0
4529,train,1619,3869,1397.1838703518702
4530,train,3771,1375,4135.772507471197
4531,train,3662,3354,1529.4485906075042
4532,train,3118,2056,1000.0
4533,train,3246,71,2268.6829054918844
4534,train,2596,3603,1000.0
4535,train,1109,2134,1535.6892757538926
4536,train,3209,3577,1000.0
4537,train,1622,587,1000.0
4538,train,2448,3269,1000.0
4539,train,3739,822,1000.0
4540,train,703,1723,1000.0
4541,train,806,3442,1000.0
4542,train,2780,3674,1000.0
4543,train,2277,204,4188.393311777403
4544,train,1777,3607,1000.0
4545,train,2568,3019,1489.708797178436
4546,train,3960,2448,2700.0274287964194
4547,train,317,2242,1476.7678436153915
4548,train,2118,219,1000.0
4549,train,3029,3798,1000.0
4550,train,1814,3324,1000.0
4551,train,3791,2822,1000.0
4552,train,1502,2701,1000.0
4553,train,638,3972,1500.9305358449046
4554,train,364,1361,1832.2054420716584
4555,train,5,3844,1000.0
4556,train,3461,2541,1000.0
4557,train,2097,2655,1000.0
4558,train,3319,2574,1000.0
4559,train,2352,585,1000.0
4560,train,680,2663,1000.0
4561,train,1198,2396,1000.0
4562,train,1540,3146,1085.7286531279876
4563,train,1999,2172,1000.0
4564,train,375,2534,4345.11371647722
4565,train,2312,67,1673.6161750113743
4566,train,3833,712,1000.0
4567,train,3025,3900,1000.0
4568,train,1283,3964,4504.0532264586145
4569,train,1644,3712,1782.2463354069596
4570,train,3518,3292,1000.0
4571,train,3194,558,2778.136745807317
4572,train,2444,990,1000.0
4573,train,1386,2972,1000.0
4574,train,2908,1125,2806.5361518641344
4575,train,1976,3021,5674.585420316327
4576,train,2345,3213,1000.0
4577,train,2277,3662,1000.0
4578,train,2500,3449,2027.47993055704
4579,train,4100,3052,1000.0
4580,train,1414,2900,1000.0
4581,train,2534,1495,5474.149381708579
4582,train,2131,3252,1000.0
4583,train,2005,408,4359.753507566253
4584,train,1310,4110,1675.0844217897754
4585,train,2240,3821,1000.0
4586,train,4082,2919,1000.0
4587,train,1488,172,3427.6210106562544
4588,train,3345,15,1000.0
4589,train,3559,532,1000.0
4590,train,808,2761,1000.0
4591,train,3588,2584,21925.57119532953
4592,train,3576,3322,1325.5231818108548
4593,train,2248,1970,1300.5981136522016
4594,train,2797,3173,1000.0
4595,train,1753,1392,1000.0
4596,train,3979,2667,3180.3242033577217
4597,train,3958,2257,1000.0
4598,train,3970,1441,4750.485935730732
4599,train,166,1183,1436.081186567319
4600,train,3531,2923,1000.0
4601,train,2396,3391,1619.0396526381674
4602,train,2608,3869,1000.0
4603,train,223,3380,1000.0
4604,train,1207,3984,1000.0
4605,train,3929,232,1000.0
4606,train,2887,847,1000.0
4607,train,2823,1419,1000.0
4608,train,1230,3059,1000.0
4609,train,6,365,1000.0
4610,train,2622,1367,1000.0
4611,train,1154,2481,1000.0
4612,train,2602,2934,1000.0
4613,train,1510,1509,1000.0
4614,train,1519,1133,3284.207017975542
4615,train,4132,1219,7008.102933836846
4616,train,2377,530,3848.2948726278423
4617,train,1234,953,1000.0
4618,train,3927,1573,1000.0
4619,train,3775,2293,1000.0
4620,train,405,209,1000.0
4621,train,1939,2886,1340.8175578640685
4622,train,303,2766,1000.0
4623,train,192,3184,1268.1356264370197
4624,train,3924,750,1000.0
4625,train,1923,1696,1823.6287040876766
4626,train,1343,688,1000.0
4627,train,1395,2073,1115.2177219778719
4628,train,4058,898,1000.0
4629,train,2795,2993,1000.0
4630,train,1654,2822,1000.0
4631,train,3187,2704,7782.456155393455
4632,train,394,1580,7302.081834742294
4633,train,685,3872,1411.9009882291953
4634,train,3478,3664,2476.561156457943
4635,train,2,2069,2468.6838534604976
4636,train,3636,3504,1000.0
4637,train,1682,1254,1000.0
4638,train,3735,3769,1000.0
4639,train,3092,1666,2807.4483319607853
4640,train,1386,1630,1000.0
4641,train,2261,270,1000.0
4642,train,2005,2579,1000.0
4643,train,800,2561,1000.0
4644,train,1942,146,1000.0
4645,train,1625,1426,4851.169546631863
4646,train,561,1041,6280.918466125238
4647,train,2029,3971,1000.0
4648,train,2471,2419,1022.0645117825433
4649,train,1171,1222,1000.0
4650,train,626,2659,1000.0
4651,train,525,3619,1000.0
4652,train,3001,355,1000.0
4653,train,1675,2201,1000.0
4654,train,361,4142,1000.0
4655,train,20,593,1440.2249836607964
4656,train,2498,718,3268.932886535382
4657,train,1299,2436,1618.158609650356
4658,train,3675,1370,1000.0
4659,train,1401,6,1563.7391295329887
4660,train,369,496,3035.428300234511
4661,train,2502,3934,1251.3774802083371
4662,train,2866,3888,3789.9127687732102
4663,train,2727,1690,1000.0
4664,train,338,1326,1103.3948246463667
4665,train,3684,2041,1000.0
4666,train,1450,1164,1000.0
4667,train,1900,3209,2787.0484019156283
4668,train,3800,3659,1492.161269101204
4669,train,2707,126,1000.0
4670,train,2400,2955,1078.9876603026357
4671,train,3534,318,2114.2183469691586
4672,train,2775,2398,1000.0
4673,train,3502,1391,2790.114658784151
4674,train,1291,1696,4086.5234511167705
4675,train,2141,2658,1631.679545085537
4676,train,2709,1314,1639.0053494445806
4677,train,3628,442,5657.890817062492
4678,train,279,1426,11562.137828477811
4679,train,3390,2840,1000.0
4680,train,2466,438,10723.958934752885
4681,train,1431,3775,5557.23811624701
4682,train,2256,3297,1533.8092147998807
4683,train,2385,779,2603.404667994262
4684,train,3937,207,6660.548919399089
4685,train,2369,1997,1000.0
4686,train,3399,34,1000.0
4687,train,1896,3882,1000.0
4688,train,2707,1670,5258.160545381439
4689,train,4094,642,1000.0
4690,train,515,29,2098.4490199605884
4691,train,1256,3350,1152.3777975676726
4692,train,37,3614,1000.0
4693,train,3380,17,1000.0
4694,train,403,770,1303.002100576414
4695,train,2335,3746,1000.0
4696,train,1135,1998,1000.0
4697,train,2443,4015,1000.0
4698,train,3962,2855,2295.289696480209
4699,train,1723,2597,1000.0
4700,train,431,2943,2634.9395773481547
4701,train,1216,4063,4726.0993690199875
4702,train,3682,2712,1000.0
4703,train,1234,370,1000.0
4704,train,2700,2633,3555.2999735901453
4705,train,450,1519,1140.0994892560157
4706,train,2736,2041,1000.0
4707,train,2759,2811,1000.0
4708,train,844,214,2119.0721282600803
4709,train,3637,3474,1000.0
4710,train,2238,296,1000.0
4711,train,1217,3465,1147.032891908426
4712,train,3679,1619,1000.0
4713,train,1251,408,1000.0
4714,train,3711,2351,1000.0
4715,train,3090,269,4000.277222020991
4716,train,3145,27,1000.0
4717,train,1073,3346,1000.0
4718,train,885,3479,1000.0
4719,train,1500,3046,4534.49261061092
4720,train,3816,1403,1000.0
4721,train,287,1968,1209.6243051492088
4722,train,1590,2056,1000.0
4723,train,4099,1771,1000.0
4724,train,2974,3831,1000.0
4725,train,2264,1269,1000.0
4726,train,3986,4076,1000.0
4727,train,3502,353,1000.0
4728,train,4037,1512,1300.2342633649423
4729,train,1355,3845,1000.0
4730,train,4038,1764,1000.0
4731,train,1302,3290,1000.0
4732,train,3351,3187,1000.0
4733,train,1059,874,1000.0
4734,train,523,504,1000.0
4735,train,1816,3472,10526.808163223497
4736,train,1249,3429,1000.0
4737,train,2427,1699,1000.0
4738,train,3182,3063,1000.0
4739,train,3954,3622,1308.121143419679
4740,train,1025,1078,1084.3406116358901
4741,train,792,1059,1000.0
4742,train,2338,1854,11516.779195222587
4743,train,774,1635,6572.686772100621
4744,train,1543,1432,11181.55514663879
4745,train,850,2596,1000.0
4746,train,3958,2683,1331.7048755265394
4747,train,4032,686,1000.0
4748,train,3867,1627,2440.7611491038692
4749,train,3176,3953,1000.0
4750,train,3929,4012,2083.3128589159587
4751,train,2415,161,1000.0
4752,train,3678,159,1096.9727103453165
4753,train,282,2041,1000.0
4754,train,2776,3968,1000.0
4755,train,3262,2468,1000.0
4756,train,3902,425,1000.0
4757,train,1951,3756,1000.0
4758,train,682,1652,1000.0
4759,train,2071,4043,1000.0
4760,train,1060,151,1000.0
4761,train,833,2137,24901.3133012159
4762,train,3374,708,9312.482699388864
4763,train,3576,1472,7700.81475573821
4764,train,1399,2298,1576.872326211581
4765,train,1895,2077,1461.9264299941578
4766,train,3043,2930,1284.9788971137907
4767,train,845,2651,1000.0
4768,train,3406,2522,1000.0
4769,train,408,1292,1000.0
4770,train,71,473,1000.0
4771,train,3089,484,3529.76367584455
4772,train,989,3167,1000.0
4773,train,3299,344,1000.0
4774,train,2722,3475,1000.0
4775,train,62,614,1000.0
4776,train,2257,657,1000.0
4777,train,1456,1651,1000.0
4778,train,2407,1178,1073.8526805929525
4779,train,1291,3836,5650.279108689269
4780,train,2021,934,1340.899963958065
4781,train,895,2738,1531.1036161675993
4782,train,2243,3561,1953.1185005007567
4783,train,1318,1617,1000.0
4784,train,2331,2401,1000.0
4785,train,3848,2263,2744.812876602321
4786,train,2023,3596,1000.0
4787,train,1135,2183,1000.0
4788,train,451,657,1000.0
4789,train,823,2484,1012.2116944611106
4790,train,316,917,2374.490925398688
4791,train,3127,501,27619.49241574028
4792,train,231,1805,39566.583494595514
4793,train,609,1911,1000.0
4794,train,2611,1580,1000.0
4795,train,2507,3588,1000.0
4796,train,1392,3813,5732.005034349816
4797,train,3251,1942,1000.0
4798,train,4033,2511,1544.9468048666415
4799,train,2910,2100,1851.9601704322051
4800,train,998,3480,1000.0
4801,train,4099,372,1000.0
4802,train,3739,749,1000.0
4803,train,613,511,1225.2485985502378
4804,train,289,2807,6599.959966946284
4805,train,2979,2052,1000.0
4806,train,3377,3270,1423.7297419098097
4807,train,2924,2922,4754.843804946958
4808,train,1471,1914,1354.8818522486345
4809,train,558,808,1011.1769923967883
4810,train,327,3073,1170.292595201741
4811,train,3081,2750,1000.0
4812,train,3298,3860,3192.3793773501006
4813,train,154,3271,1000.0
4814,train,2282,2226,1378.9250347572106
4815,train,1241,3911,1822.6384450910182
4816,train,3911,3528,13771.091255876669
4817,train,3657,2656,7416.339779051841
4818,train,3783,1883,1000.0
4819,train,3977,2859,1000.0
4820,train,4015,2160,16452.175264021094
4821,train,2790,449,4100.79250700353
4822,train,2345,272,1098.8744936797818
4823,train,1516,3746,1000.0
4824,train,3559,1095,4598.783748199832
4825,train,3914,1018,1000.0
4826,train,1996,2347,4198.774396036827
4827,train,1648,1526,4122.930743183241
4828,train,1266,3312,1513.583699170751
4829,train,3462,1290,2110.931132671261
4830,train,2825,3462,1000.0
4831,train,456,2611,1000.0
4832,train,3475,3945,1000.0
4833,train,3904,95,1134.3899645566112
4834,train,358,1582,1000.0
4835,train,1282,297,1078.4365232155083
4836,train,950,3832,1404.790879654818
4837,train,2965,3974,23274.565320385587
4838,train,383,3616,1000.0
4839,train,2746,1862,1000.0
4840,train,3730,4103,1000.0
4841,train,4018,1359,1000.0
4842,train,3987,412,3112.2187819431206
4843,train,406,2472,7604.558356505032
4844,train,2137,3286,11558.761599660136
4845,train,305,1011,1085.4540465692787
4846,train,282,2272,1003.2752633890127
4847,train,3026,3711,2146.799652285345
4848,train,1930,218,1712.5666573288681
4849,train,1813,2903,2086.639847473616
4850,train,1440,2721,1000.0
4851,train,1591,3433,1224.5489725573912
4852,train,1087,2040,5457.703275962232
4853,train,430,2650,1000.0
4854,train,1551,2026,2279.9164855993336
4855,train,808,986,1229.9176032991106
4856,train,2162,289,1737.3322632708653
4857,train,1598,3789,1076.0956164180795
4858,train,760,2349,2664.229944231762
4859,train,3677,2963,1000.0
4860,train,3301,3424,1000.0
4861,train,689,542,1000.0
4862,train,2218,2702,1000.0
4863,train,1853,3137,1000.0
4864,train,3940,2123,2791.3964134260455
4865,train,3216,3089,1000.0
4866,train,3074,2510,2970.4690117983923
4867,train,2961,213,1000.0
4868,train,2299,2639,1000.0
4869,train,3564,4138,1267.4247894864545
4870,train,124,3485,3507.6408184776137
4871,train,2472,4094,4458.24452827936
4872,train,3503,2782,1000.0
4873,train,228,3084,1601.560285893449
4874,train,3301,2971,1606.6445576171482
4875,train,718,671,1000.0
4876,train,187,1645,1000.0
4877,train,2329,4043,4002.3024549036777
4878,train,1098,2991,1000.0
4879,train,3117,2990,2016.685623690732
4880,train,3972,133,3227.688213381416
4881,train,1305,947,1884.3929467818336
4882,train,415,167,7893.884161598363
4883,train,1506,3696,5051.38486785976
4884,train,2118,2754,1000.0
4885,train,1224,2203,1510.1237305168347
4886,train,1532,2858,1000.0
4887,train,2860,65,1903.897411151209
4888,train,1894,3111,1000.0
4889,train,445,1819,1150.1040912814688
4890,train,3032,2852,1000.0
4891,train,2133,1977,3359.376471621426
4892,train,3365,985,1000.0
4893,train,219,2740,1000.0
4894,train,2089,740,1000.0
4895,train,148,155,1000.0
4896,train,340,1386,16234.271294614746
4897,train,3153,771,1000.0
4898,train,115,657,2771.2816717172773
4899,train,2510,932,6227.44939633427
4900,train,3506,2334,8258.439612190454
4901,train,3629,3518,1000.0
4902,train,887,595,1000.0
4903,train,600,972,2585.3311069575775
4904,train,2763,3469,1000.0
4905,train,309,2663,1099.0142146551964
4906,train,3797,2142,1657.0402228284645
4907,train,2414,1196,1000.0
4908,train,2597,2043,1000.0
4909,train,454,998,1000.0
4910,train,1902,2688,1041.8605260217596
4911,train,3949,4107,1000.0
4912,train,212,18,14890.892455768228
4913,train,1846,2900,1000.0
4914,train,211,1598,1446.3899626163675
4915,train,3121,22,1000.0
4916,train,2305,3499,1454.1182193744569
4917,train,472,596,1324.791938913721
4918,train,1320,1950,1000.0
4919,train,2262,1587,9643.034944389385
4920,train,4086,1366,1143.106846440456
4921,train,529,1035,1000.0
4922,train,198,2937,1000.0
4923,train,2541,1915,1150.7516595891395
4924,train,3858,908,1000.0
4925,train,3092,2753,1169.10558077887
4926,train,3428,258,1000.0
4927,train,3843,1509,1000.0
4928,train,1685,2178,1000.0
4929,train,1017,4095,1000.0
4930,train,2689,2702,1000.0
4931,train,2169,428,1000.0
4932,train,3138,530,2723.592246091035
4933,train,3093,2669,1190.2739520260368
4934,train,2208,559,1000.0
4935,train,3699,2908,1011.5219814824272
4936,train,956,1982,1000.0
4937,train,3300,1684,3173.994090516867
4938,train,3081,2903,1000.0
4939,train,3803,2195,1403.985484531687
4940,train,2973,346,5593.292710890903
4941,train,1699,2215,1000.0
4942,train,2513,1629,1000.0
4943,train,3927,4132,2228.296334878523
4944,train,841,463,1894.3435810923977
4945,train,3612,1609,5456.556392466348
4946,train,1720,3088,2846.4729218383013
4947,train,344,1687,1000.0
4948,train,225,2001,1117.3478464167586
4949,train,2646,3074,1000.0
4950,train,2161,2002,1000.0
4951,train,2869,3254,5336.405949330651
4952,train,2932,4077,1000.0
4953,train,1944,4041,1000.0
4954,train,478,3846,1165.8500571748361
4955,train,343,2169,1000.0
4956,train,174,2129,1000.0
4957,train,1515,503,1117.9496938142352
4958,train,2966,641,1000.0
4959,train,2460,770,1000.0
4960,train,3626,3638,1000.0
4961,train,766,1692,1000.0
4962,train,859,47,1000.0
4963,train,4104,3939,1000.0
4964,train,2667,2958,1128.2038123179088
4965,train,2861,1485,1000.0
4966,train,202,49,1000.0
4967,train,3744,3539,4960.501385777449
4968,train,2618,1985,1000.0
4969,train,828,3693,2357.205091064744
4970,train,2556,3627,1579.508620097942
4971,train,1048,1249,1000.0
4972,train,902,543,11636.395372503472
4973,train,6,3308,2001.5245316663206
4974,train,132,2311,1000.0
4975,train,4004,2683,1546.0169812056913
4976,train,2158,3629,3737.531029623671
4977,train,945,1242,1000.0
4978,train,4070,2241,5231.337831291349
4979,train,3388,4073,1316.5205392531705
4980,train,3632,3994,5518.204213723385
4981,train,1664,2009,1000.0
4982,train,1014,2012,9484.500013032371
4983,train,1874,1083,1632.7414506995424
4984,train,2434,2054,1000.0
4985,train,2585,3970,1000.0
4986,train,1786,108,1000.0
4987,train,3614,2883,1000.0
4988,train,1505,549,1082.0775234503365
4989,train,2352,2154,1188.99076849635
4990,train,4,3045,8060.963222422225
4991,train,1646,3377,9047.230302561995
4992,train,1950,2492,1000.0
4993,train,24,1145,4899.284340379185
4994,train,2602,2550,1000.0
4995,train,1266,3109,1021.1573031861619
4996,train,3312,1211,1000.0
4997,train,1876,3467,1000.0
4998,train,1336,875,2323.2280282061934
4999,train,703,275,1000.0
5000,train,3154,152,1386.9345180825942
5001,train,117,386,2462.687905536741
5002,train,2524,443,2037.0653675905296
5003,train,1243,3636,1000.0
5004,train,833,2574,1000.0
5005,train,578,3648,1000.0
5006,train,933,3988,1000.0
5007,train,1283,1531,3256.8093756252515
5008,train,3699,1710,1000.0
5009,train,4130,2369,1000.0
5010,train,1405,1647,1490.5851770910178
5011,train,1700,451,1271.9445377568395
5012,train,1834,3895,1914.2526502132
5013,train,1411,1623,1270.181808627211
5014,train,492,625,2317.487140597734
5015,train,3792,4033,2081.8637471854927
5016,train,4069,3419,1000.0
5017,train,3921,2631,1000.0
5018,train,520,1650,1000.0
5019,train,2296,1718,3250.26086216545
5020,train,210,1827,3014.1641948893807
5021,train,1150,3163,1000.0
5022,train,3146,1225,1000.0
5023,train,2048,3462,2181.1899231148477
5024,train,631,3224,10304.808436703934
5025,train,2991,1909,1000.0
5026,train,1487,899,1000.0
5027,train,2467,3662,1000.0
5028,train,1567,2458,1000.0
5029,train,977,3411,5011.021836402806
5030,train,1211,3629,2204.32219326105
5031,train,1344,3480,1000.0
5032,train,1183,3943,1000.0
5033,train,97,1050,4660.491250107325
5034,train,2791,2477,1000.0
5035,train,937,3341,1000.0
5036,train,4125,3059,1000.0
5037,train,4074,436,1000.0
5038,train,2961,3190,1000.0
5039,train,216,3543,1247.5206508640329
5040,train,4059,512,4741.132585650877
5041,train,1759,2708,1000.0
5042,train,2798,3217,1000.0
5043,train,94,2802,10512.880958549358
5044,train,209,203,1369.82364570811
5045,train,2823,72,1000.0
5046,train,3790,3362,1879.4440796682845
5047,train,430,3072,2438.0011540412015
5048,train,1214,1064,1000.0
5049,train,958,2058,1341.4156376390729
5050,train,116,3465,1000.0
5051,train,664,1938,13198.511980373753
5052,train,4050,3733,1000.0
5053,train,1933,2443,1000.0
5054,train,4054,790,1000.0
5055,train,869,1185,32775.77216139959
5056,train,1131,1427,1000.0
5057,train,2597,2208,2595.545355561737
5058,train,1969,3743,4842.030598193461
5059,train,3404,749,2737.8938474634565
5060,train,1931,2978,1000.0
5061,train,2402,1387,1000.0
5062,train,34,2839,1771.2115682974083
5063,train,3642,5,2756.8144737285315
5064,train,3025,91,1000.0
5065,train,1909,3324,1000.0
5066,train,1865,2336,16011.864033582853
5067,train,2668,692,1903.8082065876113
5068,train,1171,1936,1233.0285234892324
5069,train,2524,852,1000.0
5070,train,144,2164,3218.1979453936556
5071,train,1035,3490,4127.451263828552
5072,train,2353,1937,1000.0
5073,train,2591,2692,1000.0
5074,train,180,935,9300.307155984254
5075,train,577,1397,1000.0
5076,train,3128,3659,2872.81900922633
5077,train,4022,2189,2022.9956896423207
5078,train,729,3152,1000.0
5079,train,472,1409,1000.0
5080,train,1333,1721,1000.0
5081,train,2277,2870,1394.1514638586718
5082,train,1348,528,6235.966301876148
5083,train,2974,1852,9279.210900591324
5084,train,188,1430,1746.0141729690977
5085,train,4037,3488,1265.6735115525685
5086,train,190,2495,1710.376417352407
5087,train,3230,2630,1000.0
5088,train,3456,1917,1000.0
5089,train,1212,3893,1000.0
5090,train,3263,1474,1000.0
5091,train,3365,1104,1991.0570353925768
5092,train,679,1275,4303.280505896705
5093,train,2239,3586,1145.75633694154
5094,train,1932,1100,1000.0
5095,train,2546,731,4126.297771708452
5096,train,3143,623,1000.0
5097,train,3990,2391,1102.7015603245252
5098,train,482,3985,1369.1972087849592
5099,train,804,3260,1396.432340342906
5100,train,970,2884,1703.6889518425173
5101,train,715,1939,1000.0
5102,train,2555,2842,1000.0
5103,train,558,1468,4772.288603178875
5104,train,3076,2932,21502.69819184907
5105,train,1737,3781,15820.409738451084
5106,train,3511,1446,1000.0
5107,train,993,2248,6392.122755062374
5108,train,442,2008,1000.0
5109,train,978,1312,3606.9178727096687
5110,train,2116,754,1000.0
5111,train,792,1472,9329.156083475633
5112,train,2436,26,2825.2883019447104
5113,train,3653,1143,1260.8673839764476
5114,train,287,3433,1000.0
5115,train,721,3801,1137.9441832338143
5116,train,4017,3882,1000.0
5117,train,2267,3465,1000.0
5118,train,711,1852,1285.365022089136
5119,train,976,2286,2147.596329262433
5120,train,3458,1447,1000.0
5121,train,1534,1023,1124.1025790883903
5122,train,2606,35,3049.446027259777
5123,train,2924,3893,2181.726251300736
5124,train,3768,1398,15704.653418998585
5125,train,2178,1533,1000.0
5126,train,1186,2009,1000.0
5127,train,2963,2781,1000.0
5128,train,120,3359,1000.0
5129,train,627,3740,1000.0
5130,train,386,97,1000.0
5131,train,1040,3123,1000.0
5132,train,738,3351,2123.657316354749
5133,train,1292,2077,1000.0
5134,train,2311,3989,1000.0
5135,train,3617,1114,7006.483795982072
5136,train,211,1745,7443.784594515247
5137,train,1550,2961,5771.24228717396
5138,train,3946,1721,1000.0
5139,train,1845,3752,1000.0
5140,train,2297,3740,1513.1817272671444
5141,train,3588,2646,1000.0
5142,train,312,3645,1000.0
5143,train,3624,2007,1000.0
5144,train,1619,2389,1000.0
5145,train,3180,2347,1000.0
5146,train,389,622,5393.184014794984
5147,train,4060,3314,2603.2278735408995
5148,train,1044,3522,1000.0
5149,train,2519,2693,1000.0
5150,train,3264,3160,1000.0
5151,train,3456,2842,1000.0
5152,train,1128,584,1000.0
5153,train,647,1821,2501.109475831893
5154,train,3013,1846,1372.6573635609402
5155,train,1087,864,8262.855981790492
5156,train,2173,1381,29017.28209736368
5157,train,2350,2832,1000.0
5158,train,93,620,20200.079025719773
5159,train,3836,20,1000.0
5160,train,768,1691,3656.4483233171477
5161,train,3058,2621,1000.0
5162,train,1918,3125,2448.437950297099
5163,train,2362,108,11353.012475977253
5164,train,2671,2296,1000.0
5165,train,2523,2560,1000.0
5166,train,1234,3201,1000.0
5167,train,3102,2233,1000.0
5168,train,1202,2119,9569.2504433383
5169,train,3827,410,1000.0
5170,train,2986,493,1000.0
5171,train,2142,3193,1000.0
5172,train,671,1564,1000.0
5173,train,2164,269,1000.0
5174,train,1848,2975,1000.0
5175,train,4131,2408,1000.0
5176,train,1562,3379,2552.491716217019
5177,train,3209,2392,1374.7252075036947
5178,train,3122,2507,1000.0
5179,train,3692,1536,1538.5828034790327
5180,train,3038,4023,1435.6921080068896
5181,train,852,1507,4535.452259657278
5182,train,3206,3101,6767.974051219505
5183,train,1371,3493,2556.0768920706128
5184,train,1018,1286,2407.9608250809306
5185,train,817,1293,3201.974265557656
5186,train,3332,3125,1000.0
5187,train,3748,2796,1000.0
5188,train,2529,3658,1229.705546296513
5189,train,492,273,1000.0
5190,train,811,4126,1000.0
5191,train,2332,3101,1554.6802553408074
5192,train,226,3303,1000.0
5193,train,2536,3310,6832.054801495675
5194,train,3906,1314,1012.4393873815067
5195,train,290,2565,1000.0
5196,train,3335,629,2983.117745714462
5197,train,286,3326,1000.0
5198,train,289,3554,1109.0037816014276
5199,train,1001,4036,1662.3125202216136
5200,train,3085,842,1000.0
5201,train,3232,2447,1000.0
5202,train,2147,3272,1000.0
5203,train,1980,692,2773.251829684963
5204,train,3108,2456,8500.060325560791
5205,train,3942,2240,1000.0
5206,train,52,3539,2456.4052705741246
5207,train,3039,3725,1000.0
5208,train,68,2599,1000.0
5209,train,2440,1596,1000.0
5210,train,956,2398,1000.0
5211,train,2682,3627,1000.0
5212,train,1810,489,1532.2157878201817
5213,train,4129,353,1000.0
5214,train,371,999,1934.6442353134564
5215,train,258,2238,5017.588415220372
5216,train,2473,3017,1000.0
5217,train,2176,2255,1000.0
5218,train,1069,3715,1000.0
5219,train,2505,1622,1000.0
5220,train,2130,456,1000.0
5221,train,1082,3280,1006.0880213772961
5222,train,2552,2573,1428.3361687566687
5223,train,878,1985,1000.0
5224,train,816,2246,8341.445869077399
5225,train,3800,3133,1000.0
5226,train,1255,1320,1069.691539295359
5227,train,3634,1555,1000.0
5228,train,395,2088,6307.534762314221
5229,train,3854,1873,1160.940310567482
5230,train,3165,16,1002.272786357597
5231,train,3785,1123,1000.0
5232,train,566,1102,1000.0
5233,train,2737,1642,1000.0
5234,train,3045,1182,1000.0
5235,train,4073,3420,1192.6626184593108
5236,train,3948,2926,1000.0
5237,train,4008,3525,1000.0
5238,train,861,3691,1000.0
5239,train,1591,3017,1000.0
5240,train,2996,1198,1000.0
5241,train,3854,1586,1000.0
5242,train,3417,1605,3952.758874163918
5243,train,431,2507,1000.0
5244,train,1737,1844,4697.65727434178
5245,train,472,2751,1000.0
5246,train,556,1482,1000.0
5247,train,1548,1885,1000.0
5248,train,3831,3039,3119.9238710050067
5249,train,1598,2892,1078.1778957676083
5250,train,203,3176,1000.0
5251,train,1026,3464,1000.0
5252,train,2105,2672,1000.0
5253,train,3083,3937,1000.0
5254,train,2632,806,2009.7485494072093
5255,train,430,1057,1000.0
5256,train,169,1896,1000.0
5257,train,3472,3090,1000.0
5258,train,1664,3101,1000.0
5259,train,3933,702,1000.0
5260,train,748,533,1714.1423431410863
5261,train,2772,8,1000.0
5262,train,3019,2638,1000.0
5263,train,1397,2396,4691.459328363073
5264,train,1771,1413,1000.0
5265,train,3045,1531,1297.1927177524558
5266,train,4035,2752,1000.0
5267,train,85,2705,1000.0
5268,train,1496,2324,1000.0
5269,train,3893,3000,1529.5636724083256
5270,train,239,3479,4425.760678868891
5271,train,3545,425,4094.5605062661
5272,train,2251,4126,1000.0
5273,train,2476,3943,2801.448679377573
5274,train,965,957,1000.0
5275,train,171,2524,3745.4893457000435
5276,train,2347,2084,2527.7266263503316
5277,train,1555,1428,1294.1717867827817
5278,train,511,3673,1853.2846084078765
5279,train,1942,3408,1000.0
5280,train,667,1360,1113.2907289815166
5281,train,1330,1011,1000.0
5282,train,750,39,19577.220817289694
5283,train,3583,3807,1000.0
5284,train,1970,1949,1000.0
5285,train,2171,2611,3033.83219513148
5286,train,1255,876,3374.4617608943704
5287,train,4029,2439,22526.212123056797
5288,train,3964,1336,1000.0
5289,train,3432,3372,10354.313654881584
5290,train,3852,401,1000.0
5291,train,1286,417,1000.0
5292,train,715,1527,1000.0
5293,train,1836,3192,1000.0
5294,train,2096,3022,1000.0
5295,train,3849,3990,1000.0
5296,train,835,2833,1000.0
5297,train,3062,268,1000.0
5298,train,2783,2564,1000.0
5299,train,2998,1917,1000.0
5300,train,3730,2348,1000.0
5301,train,247,694,1000.0
5302,train,440,3603,5285.701321972578
5303,train,504,532,6154.6960275322845
5304,train,3565,3185,6171.82463855327
5305,train,2426,2026,19161.55109935759
5306,train,3103,1050,1000.0
5307,train,3753,2262,11901.85242136139
5308,train,1829,982,5943.060104346183
5309,train,1136,224,1000.0
5310,train,3902,2957,2173.119675308376
5311,train,624,2062,13717.9789303399
5312,train,2604,942,5852.522797380819
5313,train,3720,188,1000.0
5314,train,4083,3456,1000.0
5315,train,2139,2254,1000.0
5316,train,2897,3002,2037.6530468775052
5317,train,2112,1912,1272.9659814436081
5318,train,2914,706,2442.7250638116875
5319,train,2711,3733,3086.038008548126
5320,train,2714,1044,2054.5571509144984
5321,train,3857,782,3761.2491495899285
5322,train,4011,2572,1000.0
5323,train,494,1089,1711.422011362843
5324,train,2884,3129,2831.8657766099627
5325,train,2135,3265,1209.427364790029
5326,train,1364,2934,1000.0
5327,train,1685,2941,2225.16456889832
5328,train,2290,1957,4151.131193968983
5329,train,2050,1680,1000.0
5330,train,3532,2539,1907.9149000563996
5331,train,3408,429,10257.764337746486
5332,train,813,1162,3577.4545085321183
5333,train,1638,663,1000.0
5334,train,2282,1308,18911.576962317013
5335,train,473,2410,9361.979741678262
5336,train,4034,1092,1000.0
5337,train,3153,1662,2846.73900164008
5338,train,2534,251,1000.0
5339,train,2777,3974,5067.79164024727
5340,train,1911,3466,1000.0
5341,train,1371,1020,1116.1835048809864
5342,train,793,2584,1207.3307459080138
5343,train,323,2840,7725.733229599297
5344,train,2203,2106,1000.0
5345,train,1483,4108,13013.071416449742
5346,train,3607,36,1598.7679936206168
5347,train,1079,2063,1000.0
5348,train,538,1574,1000.0
5349,train,1467,2086,1000.0
5350,train,1413,1341,2382.9582472670254
5351,train,3709,2382,3230.3021693092414
5352,train,2744,3536,1000.0
5353,train,714,3643,1000.0
5354,train,2442,2523,1000.0
5355,train,735,530,1000.0
5356,train,2946,586,1000.0
5357,train,4092,907,1000.0
5358,train,2644,687,13559.687777731402
5359,train,1097,3443,1000.0
5360,train,1328,687,3061.859498970346
5361,train,1930,531,7790.970797042547
5362,train,435,1151,1000.0
5363,train,2893,2722,1000.0
5364,train,1425,1809,2635.3170609639365
5365,train,316,1217,5451.9331908581225
5366,train,3720,2640,3704.6199606431196
5367,train,2141,2885,1000.0
5368,train,2123,3629,3012.9551455521087
5369,train,2466,1242,2043.90109770753
5370,train,3541,277,1000.0
5371,train,3736,2354,1000.0
5372,train,1861,3363,1000.0
5373,train,2933,2727,1000.0
5374,train,3372,3405,1000.0
5375,train,464,1145,4882.271555142091
5376,train,1717,2768,1000.0
5377,train,4077,3650,1583.0867205974214
5378,train,3641,4011,1000.0
5379,train,955,469,1990.2970583018935
5380,train,3187,925,1000.0
5381,train,1414,1723,1000.0
5382,train,3638,1738,2041.5928963649644
5383,train,597,2447,1147.0561885697668
5384,train,433,1082,1270.219938131431
5385,train,3143,1221,1000.0
5386,train,3331,2502,1000.0
5387,train,3604,743,1000.0
5388,train,857,3602,1000.0
5389,train,3946,3886,1000.0
5390,train,1630,4035,2457.3158169094254
5391,train,1142,2865,3514.1106645831605
5392,train,3816,3368,1000.0
5393,train,3679,4022,1000.0
5394,train,4014,1479,1000.0
5395,train,1441,1620,1000.0
5396,train,684,4023,46797.74744113702
5397,train,2117,1143,15438.395578981386
5398,train,3018,1083,1352.2730607477383
5399,train,3418,725,1000.0
5400,train,1998,651,2171.1132420445833
5401,train,2153,435,1000.0
5402,train,1266,674,1000.0
5403,train,2736,2832,1000.0
5404,train,555,2794,1000.0
5405,train,3692,1933,1331.297259621408
5406,train,3072,3393,1000.0
5407,train,2871,492,1000.0
5408,train,2654,534,1099.2171263419318
5409,train,3505,3355,3362.0790282036623
5410,train,2550,4132,1000.0
5411,train,1652,1915,1000.0
5412,train,1493,2895,1000.0
5413,train,1313,531,1644.344615035306
5414,train,4088,2501,1001.68648901613
5415,train,1742,1356,1000.0
5416,train,3097,1860,3450.358920564922
5417,train,2367,1242,1000.0
5418,train,1910,257,1000.0
5419,train,2473,1729,1000.0
5420,train,1412,508,17967.956480546854
5421,train,490,2964,1233.5833904022816
5422,train,2115,1447,1131.8213130760073
5423,train,2662,2062,1133.645932056939
5424,train,1251,2750,1000.0
5425,train,2593,3154,3272.7618577345193
5426,train,2827,1310,1000.0
5427,train,3755,323,3989.561045318762
5428,train,719,0,1290.7889922142608
5429,train,974,306,1641.5708147776384
5430,train,1793,2142,2038.7303637834189
5431,train,2547,3885,7051.127222375014
5432,train,3251,2321,1000.0
5433,train,676,979,1000.0
5434,train,3769,487,1000.0
5435,train,1508,3302,1364.619071281324
5436,train,2839,3215,1000.0
5437,train,1503,4118,1740.6554302579093
5438,train,1835,814,1000.0
5439,train,2605,1876,1631.3235953152498
5440,train,1704,3564,3506.504301667648
5441,train,2042,1497,1000.0
5442,train,2139,798,1000.0
5443,train,92,1865,1094.9163520082975
5444,train,1594,3998,1000.0
5445,train,2038,1829,5035.039501660579
5446,train,2429,3665,5857.5683181568065
5447,train,4137,2518,1000.0
5448,train,3508,2841,1000.0
5449,train,1739,3380,1000.0
5450,train,144,2524,1000.0
5451,train,2737,2489,1314.9728847130928
5452,train,2818,1159,6991.923853444439
5453,train,2991,1672,1030.2154948060975
5454,train,186,259,3285.740287463973
5455,train,1461,2455,1754.6856335659886
5456,train,336,1656,16688.53707353774
5457,train,1542,190,4487.8671952910245
5458,train,1281,2194,1000.0
5459,train,1744,821,2118.8013205525176
5460,train,2530,1628,6768.708411367344
5461,train,1821,467,7860.672729121303
5462,train,2007,1769,2495.848190151796
5463,train,3564,2909,1184.211818398952
5464,train,1755,1858,1180.2097256550398
5465,train,1897,2477,1000.0
5466,train,2101,1268,1000.0
5467,train,1141,2671,1000.0
5468,train,1765,417,1000.0
5469,train,3584,3289,1516.7645705468785
5470,train,861,1110,3413.492628704736
5471,train,1720,1507,4910.344780957702
5472,train,2637,3615,1592.8168583724264
5473,train,2719,756,2031.150235026457
5474,train,3123,793,1000.0
5475,train,3759,1830,1000.0
5476,train,225,2174,1000.0
5477,train,2630,306,1305.1189165125468
5478,train,394,282,8922.912670970327
5479,train,653,1536,1000.0
5480,train,1525,3759,1000.0
5481,train,3779,3700,1000.0
5482,train,3592,3830,1000.0
5483,train,3843,3632,1000.0
5484,train,4073,1049,1000.0
5485,train,3186,3554,1000.0
5486,train,3987,1818,1000.0
5487,train,2402,3832,9210.573811620101
5488,train,3758,1051,1533.5288538376033
5489,train,1779,280,1000.0
5490,train,1166,765,3681.2925931939258
5491,train,445,601,1000.0
5492,train,537,876,1000.0
5493,train,2309,463,1207.1041828025698
5494,train,1530,2494,2346.2029412480183
5495,train,28,457,1000.0
5496,train,3712,1934,1000.0
5497,train,1391,995,1000.0
5498,train,1623,1185,1000.0
5499,train,667,4093,1000.0
5500,train,2615,1656,1000.0
5501,train,612,107,1000.0
5502,train,4087,1559,1000.0
5503,train,538,985,3993.5109623752996
5504,train,432,2559,1211.951377051635
5505,train,2505,4010,1251.6668838700916
5506,train,597,2087,1000.0
5507,train,222,1340,1000.0
5508,train,1455,2423,1000.0
5509,train,3075,2573,2217.6254048628766
5510,train,55,1597,1372.770036315576
5511,train,1722,3207,1000.0
5512,train,1317,1445,1000.0
5513,train,1504,1599,1000.0
5514,train,3697,1709,1049.389634313408
5515,train,2097,3727,13224.723067403558
5516,train,1896,2837,1000.0
5517,train,992,3893,4980.074384717903
5518,train,2794,3248,4183.021068700982
5519,train,902,3080,3549.8224647176667
5520,train,4088,136,3375.1137903931995
5521,train,3837,3501,7655.594846547863
5522,train,3738,1409,1000.0
5523,train,3746,541,1000.0
5524,train,258,1492,1000.0
5525,train,1093,3273,1000.0
5526,train,500,1588,1800.6284690977811
5527,train,2728,3091,3235.7962415957763
5528,train,1616,635,1000.0
5529,train,969,1874,1000.0
5530,train,490,2564,4406.899821529055
5531,train,1952,4007,1000.0
5532,train,179,809,2371.8998555505455
5533,train,1788,2869,1000.0
5534,train,1388,1471,1270.88290391649
5535,train,2349,3706,1000.0
5536,train,1381,3669,1000.0
5537,train,2699,1420,1000.0
5538,train,2818,3658,1000.0
5539,train,3092,732,3325.10393323727
5540,train,654,3318,1000.0
5541,train,2233,3951,1000.0
5542,train,3580,2231,4261.147591567868
5543,train,1525,1922,1129.288817025117
5544,train,4059,108,1000.0
5545,train,3735,283,8284.94510649122
5546,train,2116,2742,2009.4276254107472
5547,train,2034,1892,1500.1991566046595
5548,train,1890,422,1000.0
5549,train,2431,1565,1139.1364194171288
5550,train,2226,2484,2615.52770749784
5551,train,3579,2187,1815.3491748500176
5552,train,627,87,1382.13018112424
5553,train,647,1989,3564.88163948569
5554,train,3020,3244,1692.3783123940425
5555,train,131,1542,1000.0
5556,train,1248,1664,11003.140761608734
5557,train,4005,774,1000.0
5558,train,552,1760,1000.0
5559,train,320,3005,1000.0
5560,train,763,3339,1000.0
5561,train,573,116,1000.0
5562,train,267,3748,3745.054775159423
5563,train,3785,2305,1000.0
5564,train,2639,3150,1000.0
5565,train,3124,2264,1725.3790195412867
5566,train,1439,655,1000.0
5567,train,3241,4092,1323.3303607483156
5568,train,395,423,1000.0
5569,train,3990,1528,11270.569751312074
5570,train,479,2176,1039.631548910809
5571,train,1272,2966,1000.0
5572,train,1959,456,1106.8029990009775
5573,train,2318,1572,1000.0
5574,train,749,1329,9604.069377000184
5575,train,2182,389,2393.9106282286757
5576,train,2079,3897,11106.679968032868
5577,train,2908,963,5017.473038206919
5578,train,312,1941,1641.893767882894
5579,train,40,2119,5951.375235949601
5580,train,3132,3097,6009.09902628079
5581,train,3772,171,4770.982781330185
5582,train,2230,3849,1000.0
5583,train,790,2048,1317.5215407182018
5584,train,2418,3920,1403.1559284534417
5585,train,2426,1537,1000.0
5586,train,3327,2034,2024.4226882085488
5587,train,1304,711,4501.747702641214
5588,train,4039,1774,3623.366242789235
5589,train,3207,1243,12085.481171376156
5590,train,1875,2528,20695.657513041704
5591,train,999,57,2290.0214008452567
5592,train,3327,3788,1389.0886503529562
5593,train,2970,2578,1000.0
5594,train,305,595,1000.0
5595,train,3939,310,1420.6051674075736
5596,train,30,2046,1000.0
5597,train,1331,27,1996.7017943246358
5598,train,796,2472,7725.540658252742
5599,train,3535,1943,32582.54303882321
5600,train,1368,878,1000.0
5601,train,260,2668,1926.1094874842058
5602,train,1523,3150,1000.0
5603,train,135,2700,1000.0
5604,train,3269,24,1000.0
5605,train,1955,1784,2098.624011302811
5606,train,3596,2860,1000.0
5607,train,1794,500,1485.8956833830853
5608,train,1454,2940,5735.494786355253
5609,train,2202,1511,1000.0
5610,train,869,1153,14867.165907645407
5611,train,1814,930,1000.0
5612,train,2689,1219,1000.0
5613,train,2556,1002,1000.0
5614,train,2321,1982,15539.607871137363
5615,train,2715,156,6953.840625625839
5616,train,2254,2762,1000.0
5617,train,2249,3623,1272.296355731365
5618,train,4044,1450,1000.0
5619,train,3834,2321,2847.694526242949
5620,train,3059,196,2537.818143112735
5621,train,553,885,1000.0
5622,train,648,2551,1622.995305315121
5623,train,211,435,1676.9578604011367
5624,train,826,2608,1000.0
5625,train,166,2123,3798.4068482165244
5626,train,49,2547,1000.0
5627,train,875,2967,1088.5224937380567
5628,train,3638,656,1000.0
5629,train,1698,374,1000.0
5630,train,2655,966,1000.0
5631,train,4114,416,1076.6298171339909
5632,train,2621,1258,1305.0187302965858
5633,train,2754,1605,6306.402255037781
5634,train,58,3805,1000.0
5635,train,3186,3525,1308.2598699376842
5636,train,3979,288,1000.0
5637,train,1802,1713,3356.6682884274774
5638,train,2694,2160,2262.2390178487076
5639,train,2957,2364,5221.0130350498075
5640,train,636,2368,1000.0
5641,train,3466,36,1484.2832977040484
5642,train,733,2560,2561.936657100705
5643,train,3799,2294,1000.0
5644,train,2506,4133,1000.0
5645,train,819,758,6651.0353273797655
5646,train,1061,1182,2024.1230874792045
5647,train,4130,3681,1074.0601333189727
5648,train,1969,435,1000.0
5649,train,1951,2558,7625.178807294389
5650,train,663,2557,1000.0
5651,train,2924,1624,1600.3046701154303
5652,train,3610,3469,1944.4825862054774
5653,train,1539,2197,1000.0
5654,train,3259,3404,1900.9216943644935
5655,train,1122,950,3622.663613632739
5656,train,2992,195,7519.967668869758
5657,train,2943,2920,6080.641450585754
5658,train,3156,2359,1582.9342640511984
5659,train,2263,109,2737.1979154875435
5660,train,1558,79,1000.0
5661,train,2472,1351,1000.0
5662,train,1959,76,1000.0
5663,train,527,3881,1000.0
5664,train,1636,3563,1810.1060641494935
5665,train,1320,1853,2318.0856415607827
5666,train,3661,2441,1000.0
5667,train,1899,2878,1000.0
5668,train,2549,2655,10732.204481359047
5669,train,2278,706,1735.9996279629318
5670,train,2416,2217,1000.0
5671,train,1607,1139,1000.0
5672,train,3455,1988,1614.7502113970213
5673,train,1393,1157,1678.7068565563723
5674,train,3859,2350,5263.203870043316
5675,train,2497,2813,1000.0
5676,train,2713,3295,1399.6448893286724
5677,train,2222,59,21713.14707192716
5678,train,213,2546,1000.0
5679,train,1695,2314,1000.0
5680,train,3118,1574,1000.0
5681,train,2661,3769,1863.0801480553253
5682,train,4072,520,1431.126300201858
5683,train,142,3003,1136.0940540418499
5684,train,2929,402,18119.656634740208
5685,train,3784,3318,1000.0
5686,train,2688,3006,2703.2963059682193
5687,train,2079,1394,1000.0
5688,train,1431,1909,1000.0
5689,train,1874,1135,1360.8238037567144
5690,train,1483,4069,1000.0
5691,train,2750,1515,1002.2694463790165
5692,train,731,1794,1479.6948300121066
5693,train,1521,213,3654.144950018692
5694,train,3869,1544,2696.5993905200635
5695,train,2235,3957,1272.2641776901687
5696,train,3211,909,1000.0
5697,train,2728,4006,2023.2817617448272
5698,train,756,753,2009.498464957572
5699,train,677,3980,1000.0
5700,train,2408,2987,1877.2153079775956
5701,train,594,3183,1000.0
5702,train,1703,754,1000.0
5703,train,1875,1576,1612.2868898625436
5704,train,1379,3771,1000.0
5705,train,4021,3639,1867.5236252544903
5706,train,1131,3073,2499.79031257521
5707,train,2454,1059,2611.0759634725046
5708,train,2641,2072,5393.922929928549
5709,train,2029,3459,1030.766337379443
5710,train,1706,631,1000.0
5711,train,1012,2052,1000.0
5712,train,2227,883,1000.0
5713,train,361,3949,1000.0
5714,train,722,3973,1000.0
5715,train,2361,1311,1000.0
5716,train,2989,2309,3772.2592522356085
5717,train,2701,1928,2004.430028623012
5718,train,1969,3136,1000.0
5719,train,1614,3928,1000.0
5720,train,290,2359,6584.743481626346
5721,train,2330,2433,1000.0
5722,train,3769,3803,1000.0
5723,train,3859,1774,5467.528436236498
5724,train,2576,3336,1000.0
5725,train,4020,2811,1000.0
5726,train,2786,478,1000.0
5727,train,3760,1941,1678.0742978310543
5728,train,3189,278,6715.178955943347
5729,train,627,430,4440.899478287836
5730,train,3572,2427,1686.842757388433
5731,train,1369,1521,1000.0
5732,train,1661,3205,1000.0
5733,train,2462,3933,1497.6948542854225
5734,train,3648,2653,1000.0
5735,train,1261,3014,2027.5821036890425
5736,train,183,2316,1000.0
5737,train,2490,1646,1000.0
5738,train,1829,68,1019.1615746172752
5739,train,2134,376,2613.4894466476544
5740,train,3921,1191,2730.266059115244
5741,train,2551,2885,1000.0
5742,train,3247,444,1000.0
5743,train,4024,3607,1000.0
5744,train,1307,3362,1443.2842679799464
5745,train,2698,1918,1000.0
5746,train,2595,939,12746.656926018428
5747,train,1409,3241,1000.0
5748,train,999,3161,1000.0
5749,train,272,2399,1846.7979389994057
5750,train,737,2366,1000.0
5751,train,1834,3905,1000.0
5752,train,716,2372,6448.961698401708
5753,train,3039,174,1000.0
5754,train,728,3240,1044.4145306386765
5755,train,1431,3714,1000.0
5756,train,3667,1824,1000.0
5757,train,2897,3808,1421.920316145328
5758,train,3205,1871,7914.607699135541
5759,train,1186,82,1000.0
5760,train,2856,959,1000.0
5761,train,3265,3898,3596.2076688253887
5762,train,3668,1892,2914.9940955144903
5763,train,2800,1295,1687.7635058345538
5764,train,2132,456,1000.0
5765,train,883,382,1000.0
5766,train,2196,885,2407.8579846514713
5767,train,883,2863,1000.0
5768,train,19,2291,1266.8427189651777
5769,train,25,2735,1000.0
5770,train,86,892,1000.0
5771,train,3107,2647,1000.0
5772,train,3655,1458,1000.0
5773,train,2302,3576,1000.0
5774,train,3441,685,23743.6002128221
5775,train,1954,314,5352.148017916898
5776,train,70,3385,1000.0
5777,train,2650,3011,2783.1439789837855
5778,train,2915,4110,2010.6515334519133
5779,train,1940,3517,1000.0
5780,train,2025,238,1000.0
5781,train,3864,50,1000.0
5782,train,2967,1278,1805.4168104589285
5783,train,4004,2942,1742.603084022843
5784,train,1579,1656,10304.001185675093
5785,train,2730,2998,1000.0
5786,train,2620,3401,1000.0
5787,train,2738,3894,1000.0
5788,train,2036,1838,1000.0
5789,train,3089,2537,1000.0
5790,train,1066,2332,1000.0
5791,train,2347,2679,1000.0
5792,train,3623,3944,3975.546110684649
5793,train,2175,3588,1000.0
5794,train,3924,3979,1983.77168496641
5795,train,1906,2140,1436.5317311569409
5796,train,1373,2464,9643.934479558668
5797,train,788,284,1000.0
5798,train,3197,90,1000.0
5799,train,3147,2153,1000.0
5800,train,1529,3348,1410.0709311309295
5801,train,3218,1861,1686.7695567364888
5802,train,689,2744,1000.0
5803,train,1030,671,1000.0
5804,train,2925,158,1000.0
5805,train,1696,1019,2800.963160953926
5806,train,2,3677,1000.0
5807,train,103,527,3184.1909047860736
5808,train,4106,3466,1000.0
5809,train,3412,2327,1575.5258702006963
5810,train,1689,3478,8194.523730052146
5811,train,3820,1280,5642.210251254338
5812,train,2790,2672,1000.0
5813,train,2140,3795,3083.7758933368473
5814,train,1529,315,3102.797517515967
5815,train,2228,2128,1000.0
5816,train,1296,3558,6116.9837553736215
5817,train,2920,167,1000.0
5818,train,3539,2892,1000.0
5819,train,224,1964,4263.008588577179
5820,train,862,1756,3090.465773877543
5821,train,3636,1914,1000.0
5822,train,4001,1427,7320.489748673046
5823,train,584,2759,1508.2324247863594
5824,train,2480,1522,1000.0
5825,train,1175,2961,2873.693300108185
5826,train,270,1252,4462.727874389272
5827,train,3896,628,3706.9693635056474
5828,train,2023,3263,4260.828590962867
5829,train,762,1375,1842.9146318459398
5830,train,1864,735,1000.0
5831,train,3214,785,2031.0330903306883
5832,train,2038,1712,1000.0
5833,train,969,3018,1526.090106996116
5834,train,781,1147,17217.76846959811
5835,train,930,2317,1000.0
5836,train,1711,2064,1000.0
5837,train,1752,1950,1000.0
5838,train,3751,4131,1000.0
5839,train,155,4073,1000.0
5840,train,1238,375,1000.0
5841,train,248,3040,1000.0
5842,train,3948,2024,1000.0
5843,train,2568,3497,1194.155919400558
5844,train,972,2584,6742.700330533886
5845,train,446,228,1000.0
5846,train,43,2331,1000.0
5847,train,2167,1965,2455.5447325324985
5848,train,173,1989,1517.0316307554565
5849,train,898,3365,4762.2497759019325
5850,train,982,3720,1821.4653435007167
5851,train,3804,1090,4330.150512115967
5852,train,762,1513,1000.0
5853,train,3250,1182,3953.2094021507673
5854,train,2809,1411,1000.0
5855,train,2407,809,1000.0
5856,train,2463,2742,1000.0
5857,train,2841,90,2871.8081952305306
5858,train,2824,453,1000.0
5859,train,1153,3210,1000.0
5860,train,2575,1226,1189.6267338977796
5861,train,3938,3427,1000.0
5862,train,2566,3331,5731.002364555013
5863,train,1375,1356,1000.0
5864,train,4012,2585,6264.053806329533
5865,train,1803,2788,1191.2095843151503
5866,train,3474,2076,1000.0
5867,train,1815,1266,10521.577975100423
5868,train,2358,2045,1000.0
5869,train,4052,1279,1000.0
5870,train,105,255,2453.032894146686
5871,train,3899,133,1062.0345306850888
5872,train,1461,1989,1249.7404946211655
5873,train,820,172,2072.9342592212497
5874,train,461,3539,1566.9858985733085
5875,train,158,3642,3242.8349544198923
5876,train,1908,3417,1000.0
5877,train,2226,3215,5752.78809485525
5878,train,881,567,1000.0
5879,train,587,1010,1000.0
5880,train,2639,3211,1000.0
5881,train,3254,2706,1000.0
5882,train,1193,2340,1000.0
5883,train,2310,2346,3539.1134413582135
5884,train,2639,1611,1000.0
5885,train,2876,3244,1000.0
5886,train,3265,1301,1000.0
5887,train,3583,331,3645.377593981981
5888,train,3335,3860,1024.0841232053579
5889,train,252,1156,1000.0
5890,train,74,386,1000.0
5891,train,2439,1177,3884.8496981697463
5892,train,2949,1616,1000.0
5893,train,1351,578,16475.49091927867
5894,train,1157,1686,1122.2510539650118
5895,train,4018,2676,1000.0
5896,train,447,1481,3002.8052073158015
5897,train,3101,3389,3196.7440848627994
5898,train,3238,1868,20537.34933973847
5899,train,2932,2413,1000.0
5900,train,3003,2806,12138.514047758468
5901,train,357,889,2065.4258043510345
5902,train,2347,2909,1000.0
5903,train,3352,84,1000.0
5904,train,3601,351,1218.7804727549742
5905,train,2422,3230,1000.0
5906,train,2953,2689,1293.6283030256639
5907,train,1562,2942,1086.4866355058566
5908,train,1627,2395,1000.0
5909,train,3111,518,1000.0
5910,train,577,2502,1000.0
5911,train,486,1918,4639.869726541312
5912,train,3028,3900,1000.0
5913,train,1974,1475,6101.915189037094
5914,train,3846,2666,1000.0
5915,train,197,228,10125.730042839956
5916,train,586,1983,1000.0
5917,train,2383,3747,1000.0
5918,train,829,3956,3688.122746310992
5919,train,2927,3245,1000.0
5920,train,3452,3302,1000.0
5921,train,833,1534,12697.047284405002
5922,train,424,1425,1000.0
5923,train,102,948,1000.0
5924,train,3420,1214,1648.4404074716294
5925,train,266,2225,1000.0
5926,train,2755,806,1000.0
5927,train,802,374,1000.0
5928,train,3002,141,1539.9182361115663
5929,train,1561,1864,1000.0
5930,train,1040,715,1000.0
5931,train,4048,1147,1000.0
5932,train,716,2679,1000.0
5933,train,2389,679,1000.0
5934,train,483,2465,1000.0
5935,train,3209,888,1154.9656249686823
5936,train,931,2033,16005.434181721042
5937,train,3385,599,1000.0
5938,train,2067,2528,1558.6217045064543
5939,train,3090,1530,2101.327843203958
5940,train,2103,3909,2184.6331415784225
5941,train,1435,1498,2896.9202113668625
5942,train,159,3671,9909.69330639537
5943,train,1071,2590,1000.0
5944,train,1980,534,1551.70364287884
5945,train,1636,2952,1000.0
5946,train,1990,371,1948.8002730563821
5947,train,2176,770,1000.0
5948,train,32,1695,1000.0
5949,train,158,1826,1000.0
5950,train,1032,122,1793.2635753294328
5951,train,4122,3177,1000.0
5952,train,1292,1245,1069.7215225036027
5953,train,42,1056,1531.2157738211324
5954,train,1345,3236,1000.0
5955,train,3586,1487,1000.0
5956,train,2806,729,1000.0
5957,train,1194,2207,1201.2321494894618
5958,train,2967,2565,1000.0
5959,train,1271,2987,1379.5629036977548
5960,train,2996,1030,1531.1136039703747
5961,train,1655,2284,1000.0
5962,train,3315,243,1000.0
5963,train,2528,1138,2977.46112733709
5964,train,3127,3696,1000.0
5965,train,800,3024,1079.2077344681823
5966,train,2467,2967,1000.0
5967,train,3148,670,3696.570760947218
5968,train,3929,3446,1000.0
5969,train,1520,1415,1311.764107387517
5970,train,1148,3937,1222.4465553010593
5971,train,519,1101,1003.4863289195067
5972,train,265,2748,1020.8974265831839
5973,train,3020,2852,1000.0
5974,train,3261,4092,1315.07201384404
5975,train,574,3046,3062.3050453573583
5976,train,935,3,1000.0
5977,train,2797,956,6148.085836926731
5978,train,2290,2372,1624.334535819422
5979,train,470,152,22797.304550928046
5980,train,191,4121,1000.0
5981,train,1932,2584,1000.0
5982,train,3829,2216,1528.33372287445
5983,train,1382,2202,1700.1729430794185
5984,train,2116,315,2048.3736805509275
5985,train,1335,1098,1000.0
5986,train,891,1946,1310.6171320043013
5987,train,3841,1201,1000.0
5988,train,2355,2496,1000.0
5989,train,2422,3146,1162.8070079496783
5990,train,2030,2523,4556.260683999017
5991,train,345,569,1000.0
5992,train,4070,1994,1000.0
5993,train,2357,3650,1000.0
5994,train,648,1379,1008.0524226907283
5995,train,3634,3211,1000.0
5996,train,3369,1291,1076.667347731119
5997,train,1044,896,4178.750448720443
5998,train,513,1214,1955.975603677078
5999,train,945,2628,1000.0
6000,train,3547,569,1000.0
6001,train,2525,3835,3531.649375147934
6002,train,1296,1357,7977.960464325344
6003,train,1584,202,1000.0
6004,train,3014,72,1000.0
6005,train,1564,1232,1000.0
6006,train,1338,2083,1000.0
6007,train,1985,248,1731.2594426685323
6008,train,564,3357,1875.1320991837354
6009,train,2056,3135,1000.0
6010,train,3616,2806,1275.8001027541184
6011,train,3716,3086,1920.2540472737403
6012,train,1980,1081,3471.246972194994
6013,train,934,219,1000.0
6014,train,3336,3200,4394.312292882418
6015,train,667,3193,1000.0
6016,train,3777,2090,6692.665821196064
6017,train,2973,1294,1000.0
6018,train,3414,1795,1000.0
6019,train,2240,201,4094.59554011782
6020,train,2995,620,1000.0
6021,train,2243,520,6102.808148009474
6022,train,3562,1917,1000.0
6023,train,3830,2366,1000.0
6024,train,2350,3672,19718.492880655343
6025,train,232,3061,1089.0393315041788
6026,train,3674,2914,1000.0
6027,train,3450,2031,1000.0
6028,train,731,1405,2498.1936395151583
6029,train,1096,850,1350.7072195824853
6030,train,1152,3325,1521.0625829747662
6031,train,2929,1288,1000.0
6032,train,3775,1165,1000.0
6033,train,2728,3347,2703.0228527572244
6034,train,1466,3703,1000.0
6035,train,1124,1610,1000.0
6036,train,523,1525,1000.0
6037,train,482,606,1000.0
6038,train,4045,216,2581.8696047264884
6039,train,1295,2846,1000.0
6040,train,2972,3808,15577.943347023132
6041,train,2830,1453,3011.0783797833274
6042,train,3069,3326,1000.0
6043,train,772,1210,1000.0
6044,train,3376,3872,1179.7649570197966
6045,train,1873,3679,1000.0
6046,train,55,3431,1501.925632614652
6047,train,1174,2121,1000.0
6048,train,1832,2594,1000.0
6049,train,2386,1226,1000.0
6050,train,3364,2639,9709.648096220819
6051,train,2738,248,1000.0
6052,train,237,2822,1000.0
6053,train,1190,2531,3728.419633489439
6054,train,1772,1815,1000.0
6055,train,1329,3059,1000.0
6056,train,682,3531,1000.0
6057,train,2436,3086,4671.791680997027
6058,train,4005,2944,1000.0
6059,train,3203,20,1917.2554819343343
6060,train,2572,2665,8316.052845417818
6061,train,1193,1250,1000.0
6062,train,3484,3,1000.0
6063,train,2147,3825,1000.0
6064,train,1267,2315,1000.0
6065,train,1838,1276,1275.4852836210582
6066,train,4141,1622,1000.0
6067,train,306,3751,1000.0
6068,train,238,1555,1000.0
6069,train,2871,1544,1000.0
6070,train,331,2742,3919.2712872778206
6071,train,3152,183,1000.0
6072,train,2927,2304,1000.0
6073,train,3512,503,1000.0
6074,train,1505,1877,1000.0
6075,train,3006,3127,1000.0
6076,train,1522,909,1000.0
6077,train,1425,3436,1919.9247938923108
6078,train,278,404,1463.3039930632358
6079,train,1162,3749,1558.9019808527796
6080,train,1097,1281,1608.884292944182
6081,train,850,3102,4315.716822726344
6082,train,2148,1696,5955.454779986342
6083,train,2379,2709,1000.0
6084,train,2342,3332,1000.0
6085,train,2082,2732,2758.0521194217827
6086,train,2828,3243,1000.0
6087,train,660,2268,1000.0
6088,train,2280,888,3489.524955361045
6089,train,3038,2655,1772.0621310638123
6090,train,3441,378,1710.309245188227
6091,train,1809,2554,1698.7219463350336
6092,train,3057,2287,1000.0
6093,train,2396,2221,4217.693901962548
6094,train,3680,1177,7646.583872067239
6095,train,2715,2822,3730.4757218987534
6096,train,2677,1478,1313.4603765338197
6097,train,2559,716,1000.0
6098,train,2665,2525,2351.494865259639
6099,train,355,416,1000.0
6100,train,1315,2532,1304.660879575636
6101,train,1609,3782,1000.0
6102,train,1583,203,4742.237897550143
6103,train,1174,3765,2494.5482972323252
6104,train,4076,898,1189.5408525894004
6105,train,3476,1278,1000.0
6106,train,3600,947,1678.9922000784354
6107,train,2914,1710,1000.0
6108,train,2067,1326,1000.0
6109,train,1037,4052,1000.0
6110,train,177,3848,1000.0
6111,train,2910,1214,3804.486639865597
6112,train,3286,420,1138.3040700803779
6113,train,824,776,1133.7391701798674
6114,train,1089,3186,2768.569912276457
6115,train,263,3496,3924.4990685962216
6116,train,984,435,9623.817132627752
6117,train,1197,458,1000.0
6118,train,3146,3316,7083.211178551695
6119,train,3152,3559,1000.0
6120,train,3562,508,1000.0
6121,train,14,2772,1000.0
6122,train,3962,190,3244.5558028347873
6123,train,918,3221,2201.822015824211
6124,train,3262,2705,1123.7700377446054
6125,train,3819,1735,1000.0
6126,train,4017,2001,1303.9679955598874
6127,train,1723,702,1000.0
6128,train,1348,3203,1465.1309571021736
6129,train,3737,1919,12869.531623379842
6130,train,1894,4117,1000.0
6131,train,2446,2314,1000.0
6132,train,1598,677,4829.756459959254
6133,train,2201,1425,5098.110410598089
6134,train,3698,2488,2561.4858512104406
6135,train,1056,3587,1641.479695085679
6136,train,2535,2439,1000.0
6137,train,3982,3907,1000.0
6138,train,548,2535,1000.0
6139,train,381,834,1000.0
6140,train,225,1294,1000.0
6141,train,2163,2087,3994.800741882068
6142,train,3499,3517,6059.986836078198
6143,train,3489,859,7526.904818344249
6144,train,4028,3753,1000.0
6145,train,546,2606,1015.3135983484433
6146,train,1579,3350,1000.0
6147,train,2312,1610,1000.0
6148,train,1757,555,1602.7208570208934
6149,train,3923,2552,1593.2836430118323
6150,train,3186,3430,1000.0
6151,train,3407,616,1393.7193333194539
6152,train,30,1481,1564.8981151660626
6153,train,21,2546,1000.0
6154,train,2783,3054,1000.0
6155,train,2736,1046,1000.0
6156,train,2335,452,13133.317480264017
6157,train,2680,3968,1000.0
6158,train,164,1900,2958.685302051429
6159,train,1989,4140,1000.0
6160,train,2987,1211,1000.0
6161,train,2934,1453,4708.972811118105
6162,train,35,2863,1000.0
6163,train,1363,2375,5596.00180588538
6164,train,1295,1713,1000.0
6165,train,3502,192,1000.0
6166,train,1696,329,1344.6431880436053
6167,train,3731,1486,1100.256894053244
6168,train,3560,2664,1000.0
6169,train,724,1291,5940.100650894962
6170,train,1502,1018,1000.0
6171,train,3133,2057,3537.4642671470006
6172,train,882,817,1740.8205810505044
6173,train,1430,687,1000.0
6174,train,2185,2235,1000.0
6175,train,2816,3219,1000.0
6176,train,794,2174,10074.78830488241
6177,train,2888,3881,1595.619637840402
6178,train,391,2878,1000.0
6179,train,867,3927,1000.0
6180,train,3380,3438,1248.2978213534832
6181,train,165,1184,1000.0
6182,train,3416,1412,1218.4968374696878
6183,train,109,722,9484.760395494033
6184,train,887,290,4481.455891088538
6185,train,507,2084,1352.799328477723
6186,train,2284,583,1000.0
6187,train,3944,1220,2080.309265223341
6188,train,1865,1800,1000.0
6189,train,475,1353,1380.0771800930431
6190,train,2382,376,1049.4611269371637
6191,train,242,2658,2619.2429986048683
6192,train,2114,1199,1000.0
6193,train,188,3542,1000.0
6194,train,2517,561,1864.7303914284112
6195,train,326,1416,1000.0
6196,train,1667,2320,1000.0
6197,train,2723,1732,1000.0
6198,train,513,1376,2328.3885159844745
6199,train,1737,1811,1000.0
6200,train,3308,900,1000.0
6201,train,1126,3351,1000.0
6202,train,3451,3429,1000.0
6203,train,1754,3770,4702.194765024278
6204,train,1828,2167,4800.982763748666
6205,train,1100,1246,1000.0
6206,train,1834,1218,1000.0
6207,train,3771,1279,1000.0
6208,train,1280,2091,4590.129675071317
6209,train,2018,2387,2389.6222982706176
6210,train,739,3002,1000.0
6211,train,733,2543,1000.0
6212,train,3513,1242,1000.0
6213,train,279,1360,1628.5462701938716
6214,train,2848,3260,1188.7573960772827
6215,train,760,3677,1423.7152709400673
6216,train,2859,1642,1000.0
6217,train,1239,3897,2072.2614868003147
6218,train,1069,237,1000.0
6219,train,2593,2473,4470.384715563534
6220,train,913,3833,1022.532985799574
6221,train,3165,845,1424.8237789593788
6222,train,1258,2594,12114.78866199235
6223,train,1228,2908,1000.0
6224,train,3122,2944,1000.0
6225,train,133,2603,1000.0
6226,train,1354,997,1000.0
6227,train,1414,3943,1000.0
6228,train,2280,2574,29333.68716638428
6229,train,1600,1544,1000.0
6230,train,639,3419,1000.0
6231,train,1655,45,8862.487714299574
6232,train,1876,3349,1000.0
6233,train,160,36,1000.0
6234,train,3570,1282,1000.0
6235,train,2689,3026,1000.0
6236,train,4093,2648,1000.0
6237,train,1822,875,2644.3684088904474
6238,train,846,3985,7995.603753549656
6239,train,2639,287,1000.0
6240,train,3039,1619,1161.8576096214722
6241,train,2061,458,1161.2159957133654
6242,train,1750,1806,4781.684675082081
6243,train,3304,1380,1996.6176121704382
6244,train,2767,575,2453.290798871813
6245,train,2565,3219,3761.244038647175
6246,train,321,3784,12733.884996386709
6247,train,511,1663,1000.0
6248,train,3181,3416,1000.0
6249,train,4007,3172,1000.0
6250,train,1400,2616,4004.4651945578757
6251,train,3779,4038,1000.0
6252,train,3646,2395,1000.0
6253,train,3158,3368,1250.2287064767304
6254,train,1382,1292,1000.0
6255,train,2365,3954,2015.8246239473979
6256,train,1631,3520,1000.0
6257,train,362,1384,13000.956048897624
6258,train,3504,2972,1641.2040068419337
6259,train,350,599,1000.0
6260,train,228,871,1000.0
6261,train,3878,2857,1000.0
6262,train,1847,1645,1526.4132007929866
6263,train,4093,2968,2543.721864485712
6264,train,618,9,1000.0
6265,train,3807,642,1000.0
6266,train,752,263,1000.0
6267,train,1480,463,1000.0
6268,train,3681,214,1000.0
6269,train,3717,2048,1381.0444958025964
6270,train,998,788,1000.0
6271,train,3125,3081,3132.082565471712
6272,train,3687,3660,1808.9476695697415
6273,train,1112,2909,1000.0
6274,train,3298,3266,1766.0229704305402
6275,train,3849,2162,1000.0
6276,train,1484,2104,1000.0
6277,train,2680,3347,9949.117060570326
6278,train,1162,3857,1000.0
6279,train,2498,160,1000.0
6280,train,2177,717,1647.1582753021764
6281,train,1321,729,1212.0281844602425
6282,train,3755,1020,2722.4533916046325
6283,train,1466,1677,2610.4836665981106
6284,train,2273,3980,6866.741939533593
6285,train,3056,1382,1000.0
6286,train,3119,1,1000.0
6287,train,4063,2701,1979.5318323642593
6288,train,2698,1261,1000.0
6289,train,1978,1449,3948.520526915828
6290,train,646,1230,3389.0864162498247
6291,train,3498,1257,32442.207599016365
6292,train,3232,323,1000.0
6293,train,3764,120,1000.0
6294,train,3948,1773,4710.670822172436
6295,train,1502,3458,1000.0
6296,train,2355,2310,1000.0
6297,train,1737,1653,1000.0
6298,train,1643,1922,1000.0
6299,train,175,1953,3737.8629409777704
6300,train,1764,1753,1340.719023027339
6301,train,755,545,1869.4106225413461
6302,train,668,1076,1000.0
6303,train,186,1191,1554.178064289351
6304,train,2483,2596,1000.0
6305,train,3671,1463,1000.0
6306,train,1524,2399,1816.0753481309234
6307,train,3356,1087,1000.0
6308,train,210,577,1000.0
6309,train,3884,1245,1000.0
6310,train,2156,2984,2306.339297215901
6311,train,4087,802,1436.772684427131
6312,train,2536,2770,1012.4372251148462
6313,train,2739,1567,1000.0
6314,train,1769,1970,1352.5090738071171
6315,train,3837,327,1098.970201910404
6316,train,612,169,1000.0
6317,train,3870,1725,2200.438928342271
6318,train,3368,3158,1000.0
6319,train,3817,4015,11420.356638803027
6320,train,3030,1610,8592.427129015434
6321,train,1289,1801,1000.0
6322,train,1076,90,1000.0
6323,train,2615,3886,1000.0
6324,train,3978,4001,1000.0
6325,train,2503,306,1000.0
6326,train,1614,3375,1000.0
6327,train,2574,3574,3951.3762847089897
6328,train,1182,2936,1000.0
6329,train,2383,517,2796.8193638892253
6330,train,1119,2501,4986.483842541953
6331,train,952,286,1000.0
6332,train,2119,346,1000.0
6333,train,603,1098,1000.0
6334,train,2448,1736,1000.0
6335,train,2049,2359,15615.2238816446
6336,train,3221,1898,14546.618140650065
6337,train,265,3668,1000.0
6338,train,1937,1818,3809.367302187287
6339,train,1741,3761,2342.6364639108283
6340,train,2616,3300,1363.9651108107278
6341,train,1370,1595,1071.8107653314648
6342,train,1763,3005,6757.467170680697
6343,train,3411,3470,7047.134773334401
6344,train,1685,2146,1000.0
6345,train,2025,280,1000.0
6346,train,3255,1411,1000.0
6347,train,1571,1137,1000.0
6348,train,25,1255,15329.489056663007
6349,train,1796,2832,2941.492809665223
6350,train,99,1097,1000.0
6351,train,3225,1090,3265.827367771597
6352,train,2897,3448,1193.2596010426341
6353,train,1530,2020,1000.0
6354,train,3648,1948,3231.1532160361717
6355,train,3600,97,2227.634155635577
6356,train,3904,1929,2775.6331645135447
6357,train,3023,331,11793.15088962829
6358,train,3436,3244,1000.0
6359,train,3762,1511,1000.0
6360,train,3867,1793,2636.9523823997947
6361,train,3579,2590,3297.3560433773982
6362,train,3939,1038,1635.3934040917643
6363,train,3,3215,1000.0
6364,train,1634,3085,1000.0
6365,train,1237,2279,5097.326262007679
6366,train,1585,608,1000.0
6367,train,1464,217,1000.0
6368,train,2033,3195,1000.0
6369,train,1811,2118,1123.5891922831775
6370,train,1859,935,1000.0
6371,train,1724,2204,1000.0
6372,train,3590,2998,2397.953496043085
6373,train,1130,952,1764.2788354227255
6374,train,2362,2026,1000.0
6375,train,360,2642,4963.729247195738
6376,train,3370,2530,1067.6523680161704
6377,train,1365,4124,2894.0478879845396
6378,train,3941,800,3333.402654567307
6379,train,4087,3355,1971.69016063191
6380,train,3401,3198,1000.0
6381,train,389,1025,1000.0
6382,train,485,2988,1146.3101272583283
6383,train,2361,1370,1277.0579000292348
6384,train,3235,3159,3127.36196580673
6385,train,1238,1764,1000.0
6386,train,1988,4041,1000.0
6387,train,2746,2301,1000.0
6388,train,1497,3757,7468.981387948071
6389,train,539,3516,12722.197535370271
6390,train,2101,1871,1000.0
6391,train,282,1323,1000.0
6392,train,864,1436,1000.0
6393,train,3334,2671,1000.0
6394,train,1519,1612,1989.5950979163185
6395,train,1051,267,1009.583832168552
6396,train,180,3297,1000.0
6397,train,2689,912,1000.0
6398,train,2347,525,1653.549034172913
6399,train,2888,2393,1000.0
6400,train,3367,3462,1000.0
6401,train,3489,1640,1000.0
6402,train,3528,1562,1654.5793033260643
6403,train,2524,2340,1956.735791363721
6404,train,3959,1562,1000.0
6405,train,2262,1374,3646.269387802025
6406,train,3861,342,1992.7755126550226
6407,train,2340,2380,1000.0
6408,train,3190,1041,1329.2119901346605
6409,train,5,1816,1000.0
6410,train,3659,1832,1000.0
6411,train,2354,4003,1000.0
6412,train,1726,900,1000.0
6413,train,2008,451,1000.0
6414,train,2802,3758,1000.0
6415,train,3509,2030,1725.2441470339868
6416,train,1177,3988,1000.0
6417,train,1953,1582,1000.0
6418,train,3534,953,1000.0
6419,train,3035,2745,1000.0
6420,train,3095,3697,1825.745413503837
6421,train,762,1969,1000.0
6422,train,2909,1865,1828.3542506684162
6423,train,993,2485,1326.5601269979866
6424,train,3757,3513,2508.8580220293084
6425,train,334,2499,1129.3905693625381
6426,train,2216,3691,1000.0
6427,train,1530,2115,6490.588632839552
6428,train,3013,3358,16724.951265775846
6429,train,3334,2095,1000.0
6430,train,1823,267,2347.679735315197
6431,train,2228,3260,1000.0
6432,train,1492,1912,2766.390403364066
6433,train,3194,1181,2370.122599340202
6434,train,76,2556,2273.3376924296567
6435,train,1479,1597,6085.972165610796
6436,train,1966,1230,1440.4175206872492
6437,train,4030,1382,1000.0
6438,train,304,2836,4152.583540121868
6439,train,931,4055,1000.0
6440,train,2119,1356,1000.0
6441,train,3287,3539,1000.0
6442,train,1334,2184,1000.0
6443,train,1478,3518,1303.2616680532515
6444,train,3545,3444,1000.0
6445,train,570,3596,1000.0
6446,train,696,4004,1000.0
6447,train,3080,1643,1000.0
6448,train,4066,799,1000.0
6449,train,2058,335,1000.0
6450,train,3848,2650,1223.8713662650891
6451,train,1432,3678,1000.0
6452,train,3220,3934,1000.0
6453,train,3013,1204,6848.240848308579
6454,train,2701,1933,4927.7868933020845
6455,train,2099,166,2455.929121500188
6456,train,1888,1984,1000.0
6457,train,4084,2498,2545.8099414142953
6458,train,3909,126,1000.0
6459,train,3742,1768,1000.0
6460,train,132,838,1000.0
6461,train,2394,3304,1000.0
6462,train,3852,2900,1000.0
6463,train,702,2318,1000.0
6464,train,660,3922,1000.0
6465,train,332,2913,5434.750182631988
6466,train,3399,1767,1000.0
6467,train,1107,2325,3775.6564160314456
6468,train,126,583,1000.0
6469,train,1404,1325,1000.0
6470,train,3064,3694,3208.769158250213
6471,train,1964,1466,9105.524122825247
6472,train,3707,803,1000.0
6473,train,4072,603,2245.9161918453497
6474,train,1819,2380,1000.0
6475,train,3326,840,1000.0
6476,train,2795,3841,1000.0
6477,train,467,397,1000.0
6478,train,4040,3205,1538.5709522509108
6479,train,255,3987,1000.0
6480,train,632,1995,1000.0
6481,train,1480,2145,1000.0
6482,train,3530,1648,1000.0
6483,train,4016,2363,1343.2610293199032
6484,train,3771,2494,1839.9526912681185
6485,train,3065,3321,1000.0
6486,train,3971,1401,9890.20361161482
6487,train,3447,3266,4720.149858002383
6488,train,2455,3047,1000.0
6489,train,3946,1923,6620.902724917292
6490,train,1654,3485,1000.0
6491,train,1876,3036,6085.392489606139
6492,train,2639,3477,1000.0
6493,train,1392,572,1000.0
6494,train,513,3698,1464.9390261803987
6495,train,1600,3182,1000.0
6496,train,2707,2307,1669.0892456860404
6497,train,3060,3993,3214.1772299827007
6498,train,1559,1312,1000.0
6499,train,3155,2703,1460.8042088334078
6500,train,359,2833,4205.737470040883
6501,train,806,2989,1098.2122805515428
6502,train,3613,2261,8121.334317386907
6503,train,757,3007,4023.9713615708833
6504,train,1051,1670,13833.514390481443
6505,train,2365,2713,1025.3466902369144
6506,train,1595,2828,1000.0
6507,train,2036,2432,1000.0
6508,train,2010,3800,2584.864092464383
6509,train,3333,538,1000.0
6510,train,2106,1734,2971.6699927662416
6511,train,1264,3584,1000.0
6512,train,2181,2243,1000.0
6513,train,3224,154,1427.2154735111567
6514,train,606,3988,1000.0
6515,train,3241,1613,1000.0
6516,train,1542,2426,1200.0279179327158
6517,train,4127,158,1108.7251636363333
6518,train,117,908,1782.3699494556802
6519,train,3009,1174,1135.1115259859077
6520,train,942,3973,5617.380468495886
6521,train,1317,2173,1041.9543592988025
6522,train,2582,3437,1000.0
6523,train,3341,2543,1000.0
6524,train,3651,3122,1000.0
6525,train,2241,1880,1000.0
6526,train,853,678,5026.483608251944
6527,train,3871,4105,3738.1647907525557
6528,train,3223,533,1000.0
6529,train,697,3334,1000.0
6530,train,2071,3374,1000.0
6531,train,428,681,1045.9459236012246
6532,train,192,765,1000.0
6533,train,2019,1213,8017.141803951954
6534,train,1228,486,18773.887937549312
6535,train,31,3125,2891.438386844931
6536,train,207,1871,2695.413689391233
6537,train,603,2293,1670.9913560480156
6538,train,603,3398,1000.0
6539,train,3483,1230,1000.0
6540,train,2545,1889,1000.0
6541,train,1899,2223,3141.5529678788857
6542,train,936,458,3914.459804921721
6543,train,3129,3916,1000.0
6544,train,2055,942,1000.0
6545,train,35,2255,1000.0
6546,train,2182,3175,1949.822694523146
6547,train,1508,216,1000.0
6548,train,2704,2200,1000.0
6549,train,3034,1321,1000.0
6550,train,3582,663,1644.620535950786
6551,train,1403,1775,1000.0
6552,train,3136,3664,3190.0528953387984
6553,train,2820,647,8426.919927107212
6554,train,3284,3987,1000.0
6555,train,1597,2323,1000.0
6556,train,657,1507,1109.887858021065
6557,train,718,877,1000.0
6558,train,3098,79,1000.0
6559,train,3120,2237,2109.753421826419
6560,train,178,482,1000.0
6561,train,1405,1822,1331.374499025557
6562,train,2421,689,1585.810038080466
6563,train,2105,741,3844.4729950250553
6564,train,4114,3956,1000.0
6565,train,2568,3270,1000.0
6566,train,1920,826,2204.2458045185094
6567,train,26,722,1000.0
6568,train,2436,2605,1000.0
6569,train,3971,2578,1178.8607935523441
6570,train,11,2947,1692.4826361218284
6571,train,3148,390,1000.0
6572,train,611,3342,2148.3278718124175
6573,train,291,2577,1000.0
6574,train,1734,2323,7923.945501960731
6575,train,3182,3641,1000.0
6576,train,4008,822,1000.0
6577,train,2589,497,8238.838281340868
6578,train,3733,4049,1000.0
6579,train,3049,3189,5558.831510750065
6580,train,1934,70,1000.0
6581,train,1777,63,1745.9600402841174
6582,train,3862,3618,1000.0
6583,train,2590,1251,6844.3776849246615
6584,train,811,2063,35526.60390643348
6585,train,1650,1241,1000.0
6586,train,1429,2276,1106.3666099629554
6587,train,2570,705,1690.769989487703
6588,train,2983,3958,1311.4294654606208
6589,train,374,216,4226.43005945233
6590,train,282,3853,1000.0
6591,train,2164,1352,1000.0
6592,train,493,1507,19129.87522465224
6593,train,456,567,1570.6844606688671
6594,train,1667,4093,17891.55482219809
6595,train,2383,664,1000.0
6596,train,1127,2987,1000.0
6597,train,1790,745,1000.0
6598,train,3334,3495,1000.0
6599,train,108,326,4741.924034173082
6600,train,851,2424,13780.200229566422
6601,train,4117,3646,1000.0
6602,train,3887,1223,1000.0
6603,train,3619,871,1000.0
6604,train,2884,3722,1000.0
6605,train,1114,3288,1000.0
6606,train,2942,586,1000.0
6607,train,2581,4122,1353.9027962475427
6608,train,3595,107,1000.0
6609,train,779,1747,1927.4904873788087
6610,train,3473,366,1000.0
6611,train,2045,1764,1000.0
6612,train,1328,3634,1000.0
6613,train,3867,2055,1000.0
6614,train,3395,359,1000.0
6615,train,1190,803,5288.997309872762
6616,train,381,12,1000.0
6617,train,3185,3078,1000.0
6618,train,1538,738,1709.322305906388
6619,train,3154,1764,1000.0
6620,train,3503,2016,4971.348521435354
6621,train,3672,3125,1153.3278639471673
6622,train,3391,1701,1000.0
6623,train,1349,878,3826.2543138844244
6624,train,117,919,8499.491799454221
6625,train,1191,1516,1593.7871244742876
6626,train,2164,2151,1000.0
6627,train,1804,289,7517.17291609509
6628,train,3049,225,4213.757838395285
6629,train,2494,2198,1000.0
6630,train,2833,179,1000.0
6631,train,2313,1030,2130.410270501908
6632,train,1096,3480,1000.0
6633,train,1062,971,4269.396456317292
6634,train,1466,1550,1000.0
6635,train,3781,116,1551.935230448207
6636,train,3857,1868,1000.0
6637,train,569,2670,2472.1302229116322
6638,train,1860,3433,1000.0
6639,train,2427,560,2047.7736190042938
6640,train,3047,713,1000.0
6641,train,3335,1209,1238.5470751070166
6642,train,3832,2754,1000.0
6643,train,3816,3367,1592.6371611677932
6644,train,2700,2691,2591.565640917633
6645,train,1250,3870,1000.0
6646,train,2874,1413,1000.0
6647,train,1706,2860,2335.7221450548946
6648,train,1278,2950,2466.972954839317
6649,train,1842,2025,2838.23636551277
6650,train,2191,437,1000.0
6651,train,2634,2750,2494.2426647237558
6652,train,366,1003,2843.362553218817
6653,train,2627,3787,1000.0
6654,train,2126,1850,8870.36710092533
6655,train,3585,2096,1000.0
6656,train,1952,3883,17945.418317506148
6657,train,2564,2490,4247.333632536782
6658,train,4055,679,2481.9483028702193
6659,train,1984,740,1000.0
6660,train,3890,3868,1000.0
6661,train,2052,3612,1065.7429869523287
6662,train,27,2556,1447.6713054785455
6663,train,2908,1045,1000.0
6664,train,283,461,1062.4445340830478
6665,train,3378,3611,1000.0
6666,train,2736,4042,1708.1160808393556
6667,train,2003,1049,4414.413640178303
6668,train,2100,2649,1000.0
6669,train,1099,3357,1722.6288408130963
6670,train,4053,2866,1000.0
6671,train,1537,1095,1000.0
6672,train,3210,951,2818.3664835681598
6673,train,137,3086,1646.4649305143969
6674,train,56,2565,1000.0
6675,train,1094,1818,1000.0
6676,train,615,3278,1000.0
6677,train,1859,1017,7480.29792110926
6678,train,824,1885,1000.0
6679,train,69,3721,1000.0
6680,train,3561,2319,5792.105129349299
6681,train,547,3157,3788.6018765890867
6682,train,3075,1493,1836.1066661814702
6683,train,3460,1383,9770.414494575323
6684,train,4081,1629,30681.94143666549
6685,train,769,1932,1000.0
6686,train,1740,1112,1091.905048367934
6687,train,2427,3282,1000.0
6688,train,3184,604,4239.382863980354
6689,train,1120,3266,14862.532729278915
6690,train,1243,935,1000.0
6691,train,1213,2310,3914.826277880559
6692,train,2289,1325,1343.5613626397685
6693,train,3625,2588,1000.0
6694,train,3812,583,1000.0
6695,train,1008,3431,1000.0
6696,train,852,3862,2119.891808809162
6697,train,2474,4045,1000.0
6698,train,428,2340,1292.5344492088527
6699,train,825,3784,1000.0
6700,train,1663,1726,1000.0
6701,train,923,1911,16787.553776097287
6702,train,1226,1052,1000.0
6703,train,3888,1720,1694.3224772734327
6704,train,3141,3367,1000.0
6705,train,2538,4068,2833.1606890282783
6706,train,3130,1220,2163.5198186883486
6707,train,1276,43,1000.0
6708,train,4065,3157,1000.0
6709,train,2954,509,1000.0
6710,train,1873,2,1041.6308792432412
6711,train,579,1366,2278.6842603170076
6712,train,2295,2938,9413.764082639096
6713,train,1495,2736,1022.1646138100473
6714,train,2821,3283,11181.221784233132
6715,train,1726,1438,2020.690576378303
6716,train,3962,2967,1000.0
6717,train,696,3579,42447.52565133113
6718,train,4059,1249,1423.487429705812
6719,train,345,842,1000.0
6720,train,492,871,1334.5226301155656
6721,train,715,429,13861.436949130315
6722,train,1921,1561,1000.0
6723,train,299,3903,2594.796577979942
6724,train,1301,3111,1000.0
6725,train,2547,557,1000.0
6726,train,1770,3249,3709.5041161927816
6727,train,212,73,1000.0
6728,train,3400,3777,1692.2776803510126
6729,train,708,3058,1000.0
6730,train,1188,3727,2308.56143354912
6731,train,2093,2255,1000.0
6732,train,18,3669,1000.0
6733,train,714,126,2123.262469971229
6734,train,3357,1728,1000.0
6735,train,3325,2198,1000.0
6736,train,1674,3504,3333.6494072909177
6737,train,248,1290,1000.0
6738,train,3629,1678,1000.0
6739,train,1347,4022,1000.0
6740,train,735,879,7360.960987507009
6741,train,110,607,1000.0
6742,train,2710,2996,1947.071213074588
6743,train,926,3593,1000.0
6744,train,1190,3724,1000.0
6745,train,80,3917,1403.23515247488
6746,train,1605,2608,1000.0
6747,train,1250,1756,1000.0
6748,train,109,2244,1000.0
6749,train,3185,3633,1000.0
6750,train,2859,2423,1723.8547925202072
6751,train,1474,2234,1000.0
6752,train,3514,1814,1650.5023403831017
6753,train,3467,324,1434.7872400419517
6754,train,762,1645,1385.1291148394698
6755,train,506,511,1000.0
6756,train,3218,1818,1561.0221127865004
6757,train,3734,3148,1383.8316540680974
6758,train,170,1774,8495.308598850748
6759,train,3543,1052,1790.5194102196042
6760,train,1026,353,1000.0
6761,train,3261,2339,1000.0
6762,train,2293,3080,1000.0
6763,train,493,1172,1000.0
6764,train,2827,4024,9957.355515755615
6765,train,3558,1265,1543.953636346291
6766,train,204,1340,1805.004870304553
6767,train,1175,2391,2520.9126385939353
6768,train,3641,1850,7898.309886186046
6769,train,2202,2725,1000.0
6770,train,2374,2864,2001.6929981314875
6771,train,1858,3345,18071.37091558181
6772,train,2894,1966,1000.0
6773,train,1831,2615,1000.0
6774,train,3346,2336,4393.871186232121
6775,train,1268,2873,1000.0
6776,train,2342,2755,1614.2763154027855
6777,train,731,853,1414.6466523773245
6778,train,3251,1784,1657.7118816022273
6779,train,2404,2804,1000.0
6780,train,2709,3469,6682.834946535619
6781,train,1685,1875,1139.296224462199
6782,train,1914,3532,1000.0
6783,train,3033,430,6911.16602866702
6784,train,278,926,1422.995350146832
6785,train,2303,778,3635.0760162972892
6786,train,3232,3113,3747.3587570098703
6787,train,3670,2657,1000.0
6788,train,2028,437,4253.41863591101
6789,train,1446,2055,4989.142211583964
6790,train,2616,1807,6726.687653707447
6791,train,2120,1627,1000.0
6792,train,567,2957,4939.778455683322
6793,train,2736,1416,3501.176921682326
6794,train,3519,954,1000.0
6795,train,3258,419,4029.458821940019
6796,train,2407,2536,4926.688554790819
6797,train,3433,22,2505.820883823846
6798,train,3248,366,10782.915540594784
6799,train,692,3699,1000.0
6800,train,3184,2155,2272.1269505178852
6801,train,1302,1798,1000.0
6802,train,2468,2647,2275.9472137726866
6803,train,335,3442,5813.668536135873
6804,train,2875,2168,3622.6313021784777
6805,train,3623,3580,5597.980406828633
6806,train,2942,3243,1000.0
6807,train,3049,3239,9091.46574919033
6808,train,490,270,1000.0
6809,train,1549,201,1309.5667567580965
6810,train,223,2865,1000.0
6811,train,2238,2586,1413.696244497409
6812,train,3040,1660,1000.0
6813,train,341,2789,1718.8425896602785
6814,train,1929,211,3168.519129359401
6815,train,3440,248,1085.5665085816047
6816,train,1737,3744,4491.488576680335
6817,train,1737,46,1000.0
6818,train,2605,3565,1000.0
6819,train,2936,3014,1000.0
6820,train,2906,2883,1000.0
6821,train,738,562,3560.779364078934
6822,train,1451,2673,4997.458146682828
6823,train,3112,1993,4131.268118536951
6824,train,3069,1900,1939.9395848887643
6825,train,3120,774,1000.0
6826,train,2669,1829,1380.5053978810322
6827,train,2141,94,3344.3415533576554
6828,train,103,2105,1890.2271429982043
6829,train,3605,1446,1113.9521717161372
6830,train,1764,4003,1000.0
6831,train,469,1820,1000.0
6832,train,534,3014,7876.179559162321
6833,train,1650,1161,1000.0
6834,train,1737,3718,1000.0
6835,train,3541,1933,2388.1026689365153
6836,train,2396,154,1831.029205399673
6837,train,3734,1219,1000.0
6838,train,3067,3951,1224.2851129324488
6839,train,3831,1104,1000.0
6840,train,2531,1472,1000.0
6841,train,1272,2433,2615.480009399443
6842,train,1313,198,1000.0
6843,train,1620,1280,3497.9963794542105
6844,train,3186,554,1000.0
6845,train,1910,732,1058.6527859022608
6846,train,2245,3639,1000.0
6847,train,1988,469,3939.6989647191026
6848,train,3934,2619,1461.4360740129798
6849,train,492,1928,1000.0
6850,train,56,1495,4241.379964267804
6851,train,1628,4094,1630.2878432392815
6852,train,1529,3621,1000.0
6853,train,1779,2003,8499.793013495855
6854,train,1471,169,1805.5134980481455
6855,train,1564,2396,1000.0
6856,train,3827,1634,1000.0
6857,train,330,4018,1000.0
6858,train,1908,1014,1000.0
6859,train,3824,1226,1000.0
6860,train,410,2575,2993.317622500696
6861,train,2495,1705,1017.7332536355111
6862,train,281,3171,1000.0
6863,train,1980,2549,1000.0
6864,train,45,2001,1011.3001874694316
6865,train,2154,3426,6117.988251266445
6866,train,2832,3539,1424.642928907369
6867,train,4133,766,1000.0
6868,train,66,160,1208.6029656728774
6869,train,3696,4141,1526.262610848354
6870,train,681,487,1131.30990579101
6871,train,2077,982,16554.813408103106
6872,train,3045,2545,29600.231281602068
6873,train,1287,1008,3478.4516972240417
6874,train,299,942,1000.0
6875,train,895,662,1000.0
6876,train,593,2680,1000.0
6877,train,3020,1101,7419.0733310697215
6878,train,2057,880,4153.691727140187
6879,train,760,2049,2628.3783905248133
6880,train,3200,1604,11124.455866932854
6881,train,1492,205,2212.301128979175
6882,train,462,2091,1000.0
6883,train,111,3647,1525.2417873422562
6884,train,3671,1064,1000.0
6885,train,670,2064,1950.131637128896
6886,train,1915,3150,1000.0
6887,train,1068,2457,1364.1866298997463
6888,train,819,1305,1000.0
6889,train,236,3168,5244.657944743695
6890,train,2071,367,1000.0
6891,train,1649,1003,1000.0
6892,train,436,1575,1000.0
6893,train,1650,3498,5579.062642566614
6894,train,1827,2084,3760.696104783428
6895,train,3279,2077,1731.7932165818327
6896,train,2768,3086,1000.0
6897,train,1950,4060,2617.858454460481
6898,train,2477,1733,1000.0
6899,train,2533,3914,1627.3409232825754
6900,train,1192,524,8143.769188200005
6901,train,484,244,1000.0
6902,train,2088,3355,2736.0248271625037
6903,train,1917,3458,1000.0
6904,train,683,3337,1769.1773774832004
6905,train,3094,1186,2466.0235044754854
6906,train,910,1119,3493.4393730420793
6907,train,4020,3513,1000.0
6908,train,1855,3455,4225.828586375385
6909,train,2116,1066,2406.226162857149
6910,train,1481,2859,1000.0
6911,train,2588,1685,1000.0
6912,train,2641,3216,1000.0
6913,train,2501,3293,1470.3806600562677
6914,train,1267,4032,1000.0
6915,train,1856,2020,1000.0
6916,train,3416,3137,1250.8588315842687
6917,train,310,170,1000.0
6918,train,2656,2230,25922.30529314225
6919,train,1550,1631,1599.7848386739493
6920,train,2202,2076,1000.0
6921,train,661,31,2168.4386298222935
6922,train,2886,1966,1000.0
6923,train,1489,1905,1675.5344505814219
6924,train,1106,1360,1000.0
6925,train,1843,1477,1000.0
6926,train,2436,481,1492.0662901820785
6927,train,3423,350,1000.0
6928,train,2468,3596,11423.907602031702
6929,train,2032,1646,3767.8530280792675
6930,train,1189,437,4159.698020807266
6931,train,857,1081,1195.3316397533779
6932,train,933,2002,3088.29938230682
6933,train,1165,2936,1000.0
6934,train,1829,1716,1000.0
6935,train,522,1374,1000.0
6936,train,1865,2030,1000.0
6937,train,553,318,1000.0
6938,train,2992,2786,1271.0910967177438
6939,train,729,2011,1000.0
6940,train,994,3985,3680.158570043288
6941,train,1955,2185,1000.0
6942,train,3818,3990,1000.0
6943,train,2291,3984,1000.0
6944,train,1582,2712,1000.0
6945,train,3350,480,1000.0
6946,train,3034,791,1000.0
6947,train,1277,780,1000.0
6948,train,828,1123,1000.0
6949,train,2914,1088,21325.946979471733
6950,train,1075,8,2545.620620806402
6951,train,2141,4076,1427.520282721487
6952,train,1035,3403,1000.0
6953,train,1264,3741,1022.2426899218915
6954,train,3676,2235,16595.231970297165
6955,train,2940,40,6667.465231307302
6956,train,2202,401,4077.055232424836
6957,train,130,1477,3342.6413869825615
6958,train,1968,2076,1000.0
6959,train,3640,3645,1000.0
6960,train,1238,2192,4547.671862892593
6961,train,2200,3279,1691.4784181619516
6962,train,3204,819,1000.0
6963,train,3355,2646,1000.0
6964,train,2927,47,4760.410077777509
6965,train,1970,1963,1000.0
6966,train,1944,152,4547.2131165445735
6967,train,1218,3492,2189.908472016562
6968,train,4133,3648,1000.0
6969,train,4035,526,1000.0
6970,train,935,3843,1163.4881296075523
6971,train,2879,865,1000.0
6972,train,732,3711,1000.0
6973,train,3224,3116,1000.0
6974,train,1903,1137,1000.0
6975,train,2104,699,3168.9128968327673
6976,train,3485,2498,1000.0
6977,train,3038,765,4195.446065087292
6978,train,1747,3677,9167.775056571709
6979,train,4083,1509,1000.0
6980,train,1788,449,1000.0
6981,train,974,3859,1000.0
6982,train,1108,3157,1000.0
6983,train,1264,1411,1000.0
6984,train,2393,1267,16005.659049667627
6985,train,2922,2285,1000.0
6986,train,1842,1017,2331.206534595057
6987,train,2016,2097,1000.0
6988,train,1400,4072,1745.8587944173196
6989,train,3021,1332,1000.0
6990,train,2988,1438,1000.0
6991,train,2934,3468,1000.0
6992,train,3784,1446,8570.280157948408
6993,train,1129,399,1367.9860867383359
6994,train,2643,1747,3131.7959336818158
6995,train,973,330,1000.0
6996,train,868,2250,1000.0
6997,train,920,15,1328.2802661559099
6998,train,481,2654,1000.0
6999,train,1228,3616,1000.0
7000,test,92,3081,2998.08705072774
7001,test,2009,2736,1000.0
7002,test,3639,1409,2275.05162105518
7003,test,3595,180,1760.713760732968
7004,test,3279,332,4610.242412581337
7005,test,3181,1992,6291.759504496667
7006,test,3554,3634,1000.0
7007,test,3704,727,4728.608531258108
7008,test,2661,3467,1000.0
7009,test,2492,3851,1000.0
7010,test,518,618,1000.0
7011,test,1478,4082,1000.0
7012,test,969,1886,4258.472117759079
7013,test,1549,1248,19617.036900656643
7014,test,890,541,8978.171773773845
7015,test,2804,3058,1000.0
7016,test,3659,3711,1194.4981719181715
7017,test,1439,3877,1000.0
7018,test,118,3491,11156.670314780427
7019,test,2413,2239,1000.0
7020,test,3673,1261,2183.513714909634
7021,test,2016,167,60647.780467901575
7022,test,2232,1296,1000.0
7023,test,3078,550,1904.1067472788577
7024,test,3404,1381,1000.0
7025,test,1274,2719,2570.940296817584
7026,test,3131,2026,6114.837367839158
7027,test,3731,2906,1000.0
7028,test,3387,2398,1000.0
7029,test,1853,16,1000.0
7030,test,852,3334,1078.474051091998
7031,test,1601,1457,2060.2939643271548
7032,test,1715,2519,1000.0
7033,test,2471,3344,1000.0
7034,test,3621,964,1691.022836291487
7035,test,753,3483,1000.0
7036,test,172,1681,1157.0863596005586
7037,test,728,3064,1000.0
7038,test,3887,3515,2642.4170417391147
7039,test,2855,4046,1000.0
7040,test,1517,2558,6374.459525006091
7041,test,2522,3084,1000.0
7042,test,2644,3105,3144.8181171433653
7043,test,375,3783,4544.446120636087
7044,test,2045,4037,1000.0
7045,test,3960,536,1000.0
7046,test,227,2905,2230.8270557650976
7047,test,1091,1535,2040.313443359914
7048,test,3432,681,2096.3006205776383
7049,test,3969,3392,1624.1500112874126
7050,test,2813,29,8109.105062137064
7051,test,2920,919,1000.0
7052,test,4054,1788,37944.35761003489
7053,test,1321,1393,1000.0
7054,test,3995,2718,1000.0
7055,test,911,457,1000.0
7056,test,2774,303,1000.0
7057,test,2190,3625,1000.0
7058,test,3741,483,1535.0325146671373
7059,test,3633,1408,1082.4411784806719
7060,test,1226,3967,5852.8647835565625
7061,test,185,2570,12260.752645735382
7062,test,1930,1935,1000.0
7063,test,1961,938,2177.7063912470376
7064,test,2546,2680,1765.9263708101485
7065,test,3508,3245,1000.0
7066,test,1771,766,1000.0
7067,test,737,3439,6071.8170736216525
7068,test,2449,1745,1000.0
7069,test,2514,2907,1000.0
7070,test,2207,291,1000.0
7071,test,691,2392,2154.604901584026
7072,test,4082,1592,1000.0
7073,test,1766,869,1000.0
7074,test,4117,2472,9417.247275934396
7075,test,625,4007,1321.5662602490681
7076,test,653,3284,16844.949993066944
7077,test,834,2814,1000.0
7078,test,2513,2627,1000.0
7079,test,95,3219,1000.0
7080,test,74,1778,1031.6926437276275
7081,test,2852,1588,1000.0
7082,test,1825,3566,1000.0
7083,test,3341,660,3239.0132389649602
7084,test,2007,3408,1000.0
7085,test,2699,2797,1000.0
7086,test,574,4136,1092.321090065303
7087,test,3279,2730,1077.1454308537757
7088,test,2905,2501,9657.060554105363
7089,test,2187,1078,1000.0
7090,test,385,1502,1043.2163044047918
7091,test,2950,3901,1000.0
7092,test,3065,1416,1000.0
7093,test,3351,848,1000.0
7094,test,1708,2107,1000.0
7095,test,87,4025,1000.0
7096,test,566,2378,1000.0
7097,test,1181,1589,7671.420788839879
7098,test,2469,123,1000.0
7099,test,1290,1482,1000.0
7100,test,2749,3647,1000.0
7101,test,545,3409,1000.0
7102,test,3948,2855,1925.7616629725762
7103,test,2695,2448,1041.2008780792908
7104,test,439,2286,1000.0
7105,test,2273,589,3598.368453042751
7106,test,2724,3103,1000.0
7107,test,1659,1839,9805.040780502064
7108,test,1515,3392,1000.0
7109,test,3853,1099,2353.15909274489
7110,test,1122,1699,1934.3259401702787
7111,test,3776,2967,2065.1686942436722
7112,test,2416,2559,1000.0
7113,test,2945,1420,1000.0
7114,test,3196,3564,4682.187599001137
7115,test,1399,2783,5483.27549868907
7116,test,1296,2991,1000.0
7117,test,1800,1075,1000.0
7118,test,3517,271,1874.436290517497
7119,test,3747,1722,21038.71526305363
7120,test,1245,2595,1000.0
7121,test,448,745,1138.9632225253567
7122,test,103,3512,7515.989144388708
7123,test,1905,1891,3435.5807481454044
7124,test,1785,3338,12650.359466086837
7125,test,951,3762,1000.0
7126,test,70,560,1775.73824797867
7127,test,651,1366,5473.523285448935
7128,test,2963,3584,3380.0837237211517
7129,test,3161,206,1000.0
7130,test,3912,4024,1000.0
7131,test,3968,2491,1587.8000015086006
7132,test,1858,2108,4529.917191872388
7133,test,2911,2313,13817.222888865279
7134,test,1536,3647,2270.772242184303
7135,test,520,3827,2098.9572948211876
7136,test,3495,2613,25324.28328313641
7137,test,2802,207,2810.619956337072
7138,test,1922,2644,1056.3357975599247
7139,test,1639,803,1000.0
7140,test,4104,631,3310.9341694582104
7141,test,898,1149,1000.0
7142,test,1912,2843,1727.5620458275853
7143,test,2365,1470,1000.0
7144,test,2688,3328,1000.0
7145,test,2739,2250,1000.0
7146,test,2717,2647,3401.487768125864
7147,test,1731,3748,3519.4427527714556
7148,test,3203,3156,1000.0
7149,test,2704,1706,8175.380472775271
7150,test,3016,1610,1000.0
7151,test,2692,1868,1275.2420311137173
7152,test,3367,3291,1000.0
7153,test,415,2977,1000.0
7154,test,3184,3575,1000.0
7155,test,2249,57,2069.2602750018777
7156,test,290,131,2283.021505014031
7157,test,187,483,1963.9642904802065
7158,test,2499,2608,1440.9035309626365
7159,test,1016,969,1000.0
7160,test,4010,3421,1000.0
7161,test,1197,3764,1762.0504805171506
7162,test,2653,275,1000.0
7163,test,3441,1281,1286.0398076209933
7164,test,3956,3381,1000.0
7165,test,3849,3121,3496.8752411598175
7166,test,1386,1317,4362.949295048709
7167,test,2621,2887,5925.208921095749
7168,test,2623,1256,2320.201792179876
7169,test,3232,3716,6164.05918057524
7170,test,3362,423,1102.70249944115
7171,test,1879,1600,1000.0
7172,test,1014,3166,1206.834931138734
7173,test,816,427,1000.0
7174,test,1703,107,1000.0
7175,test,1894,3021,1665.0833298302696
7176,test,3422,3067,2623.5091830339456
7177,test,1598,171,5408.934660557762
7178,test,4003,3572,2651.8044287232487
7179,test,388,1069,1000.0
7180,test,1392,2833,1697.185011861905
7181,test,3325,2756,1000.0
7182,test,2589,2002,1000.0
7183,test,931,3584,1000.0
7184,test,3361,3520,1417.7596607047517
7185,test,3382,1823,13485.249649727297
7186,test,25,633,8096.6236909123845
7187,test,1533,3885,2829.51618900173
7188,test,1143,1688,2840.947621997962
7189,test,3671,3312,1000.0
7190,test,3508,1280,1000.0
7191,test,1885,1359,1000.0
7192,test,1097,2763,3476.904326921286
7193,test,1269,760,1082.305367502114
7194,test,2395,1104,1000.0
7195,test,2700,1728,1000.0
7196,test,2122,2795,1000.0
7197,test,2663,26,1202.4682195421105
7198,test,1420,3605,2510.508171993446
7199,test,282,2355,2460.2815463155644
7200,test,3287,2889,1000.0
7201,test,2178,677,1000.0
7202,test,353,3792,1000.0
7203,test,227,59,1000.0
7204,test,3249,2641,1000.0
7205,test,1047,3725,1000.0
7206,test,3899,2269,2344.504247916872
7207,test,3753,3360,1369.7316416084104
7208,test,4075,178,1000.0
7209,test,3329,2407,1082.8854867259745
7210,test,1984,3408,1972.2821411903976
7211,test,621,937,9973.124485809714
7212,test,2593,1477,1188.7765801662263
7213,test,1936,3248,1000.0
7214,test,731,3634,1000.0
7215,test,3621,3956,1000.0
7216,test,1731,3673,1717.801511536958
7217,test,27,1383,1411.3273526471344
7218,test,2270,3275,1000.0
7219,test,793,1019,1583.6162233659356
7220,test,3297,880,1000.0
7221,test,1292,2165,1000.0
7222,test,3141,1753,1000.0
7223,test,2129,2607,1825.1713261846467
7224,test,2182,2227,1000.0
7225,test,2193,3133,1000.0
7226,test,313,2337,1000.0
7227,test,1189,1003,2832.3576587907996
7228,test,2606,3166,6576.930084661118
7229,test,1756,605,1000.0
7230,test,483,1194,1000.0
7231,test,2437,2041,1000.0
7232,test,1308,3253,1518.9421966488005
7233,test,3198,1201,7183.385547528754
7234,test,2618,3675,6498.1894353038915
7235,test,78,3171,1207.277464187568
7236,test,1791,2554,1000.0
7237,test,3131,1038,1000.0
7238,test,1329,569,1000.0
7239,test,3925,2222,1969.6716715920716
7240,test,521,3082,1000.0
7241,test,1526,471,11635.83023373342
7242,test,1772,2679,1000.0
7243,test,416,3461,7294.265269044847
7244,test,1753,3831,1000.0
7245,test,2674,2640,6019.611460325383
7246,test,2424,4108,1000.0
7247,test,2332,1519,1000.0
7248,test,3011,2642,11221.82338882459
7249,test,2175,2381,2584.8768347025466
7250,test,1270,199,1000.0
7251,test,848,382,1134.6857926851612
7252,test,777,1851,5360.879876066949
7253,test,3180,3092,1000.0
7254,test,1211,228,1559.7873497068992
7255,test,2913,1961,6973.977476877259
7256,test,1578,132,7452.6542895378
7257,test,1950,1095,1000.0
7258,test,526,3104,2358.795918232335
7259,test,0,1509,1000.0
7260,test,1219,2521,1000.0
7261,test,1567,2887,1000.0
7262,test,1126,1458,10089.978072664819
7263,test,2449,2991,1956.6409167698073
7264,test,1933,4075,2409.5363561203867
7265,test,811,951,3277.569631335759
7266,test,1416,3162,1000.0
7267,test,1102,2380,1000.0
7268,test,2402,714,2590.893359240236
7269,test,1805,3709,1000.0
7270,test,1621,2233,2137.9708751351636
7271,test,3725,3928,5396.269933012675
7272,test,6,2995,3227.4532983086074
7273,test,2920,3819,1000.0
7274,test,3075,3246,1000.0
7275,test,4002,1952,1611.0756965127982
7276,test,203,2449,1885.6010425652355
7277,test,741,217,1000.0
7278,test,3929,3644,1000.0
7279,test,3547,2719,1000.0
7280,test,3063,3597,2484.997134079185
7281,test,2190,2495,3092.044932664833
7282,test,2659,2977,1000.0
7283,test,1643,1615,1000.0
7284,test,3156,800,11407.968605444265
7285,test,2974,3709,13178.285370597676
7286,test,137,484,1000.0
7287,test,494,3488,21446.713673332997
7288,test,420,2807,1000.0
7289,test,2419,3599,1467.1051442726568
7290,test,3582,3953,2658.7001413731123
7291,test,588,1955,1000.0
7292,test,2405,2138,1000.0
7293,test,1568,2647,1000.0
7294,test,1465,1760,4520.32787187909
7295,test,2633,540,1000.0
7296,test,36,2587,1551.9315964104317
7297,test,1944,1718,3625.910955842862
7298,test,4124,2480,1000.0
7299,test,2986,970,1332.78136655184
7300,test,2871,3434,1000.0
7301,test,2779,1454,3374.6885353336706
7302,test,2521,1895,2662.101584079587
7303,test,2737,2762,1000.0
7304,test,2093,2982,1236.402612586117
7305,test,2322,1659,1185.9417573212913
7306,test,2815,3647,1000.0
7307,test,4076,993,1000.0
7308,test,1090,3644,2193.723622783189
7309,test,1090,2112,1675.1618644246294
7310,test,2141,1678,9211.177713470164
7311,test,416,3130,1000.0
7312,test,4110,1844,3906.73813793638
7313,test,2071,3571,1000.0
7314,test,1480,232,2902.103657644474
7315,test,2582,2616,1000.0
7316,test,619,1225,1000.0
7317,test,2225,3891,1000.0
7318,test,2104,318,1000.0
7319,test,3190,1821,1000.0
7320,test,2416,456,1000.0
7321,test,77,246,1262.8124901998192
7322,test,961,2081,1000.0
7323,test,1527,612,1000.0
7324,test,282,769,1000.0
7325,test,2821,1213,1000.0
7326,test,882,811,1952.69821744439
7327,test,2350,1728,6151.182887734741
7328,test,3353,722,4432.4002730992415
7329,test,3131,3830,1000.0
7330,test,1597,3331,1000.0
7331,test,3646,3609,1683.0355454156845
7332,test,2734,414,2691.118569105423
7333,test,1097,2255,2404.7979165226034
7334,test,4078,1380,2810.164591707198
7335,test,3811,3161,1600.9329985543097
7336,test,59,3996,4970.4650772689865
7337,test,3658,738,2493.796144048715
7338,test,3887,1993,1839.4450841565242
7339,test,769,2054,6983.296766660416
7340,test,4015,229,11084.43562610716
7341,test,2598,3315,2159.281668681944
7342,test,2067,487,2477.7175827877736
7343,test,3276,3803,2552.1155661643893
7344,test,2278,490,2780.534765742702
7345,test,3661,433,2950.422724599701
7346,test,1083,1852,7023.937318415583
7347,test,1076,1631,1000.0
7348,test,3528,2971,8436.938625671844
7349,test,1100,910,4583.119956706725
7350,test,3184,1346,1183.7378427344
7351,test,3314,3924,1000.0
7352,test,560,3414,1000.0
7353,test,4124,2292,1975.7454693638067
7354,test,1549,1096,9761.107837277666
7355,test,878,2354,2516.236191531683
7356,test,1901,503,1000.0
7357,test,9,3971,1194.2021642186219
7358,test,1599,450,1657.12503924592
7359,test,4139,3484,1086.3916497707291
7360,test,888,414,1000.0
7361,test,2416,331,1000.0
7362,test,337,1767,1000.0
7363,test,2202,563,1000.0
7364,test,3395,2906,1000.0
7365,test,3042,2361,27865.433935101606
7366,test,2625,777,2761.5146690744277
7367,test,3124,2397,1000.0
7368,test,1540,2789,1000.0
7369,test,670,3069,3267.4195556743834
7370,test,288,3673,1000.0
7371,test,1710,2916,1347.6457711874655
7372,test,454,4128,1000.0
7373,test,1972,245,1000.0
7374,test,1038,3541,1000.0
7375,test,2867,2744,1000.0
7376,test,1982,1451,1000.0
7377,test,3408,2658,1034.031746935539
7378,test,1522,2910,1000.0
7379,test,2163,423,1000.0
7380,test,1302,3458,2450.5577059420625
7381,test,406,3399,1000.0
7382,test,3724,3024,1000.0
7383,test,2820,222,1000.0
7384,test,2059,3822,1000.0
7385,test,116,3437,1000.0
7386,test,3912,3026,5769.014007892124
7387,test,3650,304,1000.0
7388,test,3940,3474,1000.0
7389,test,3103,3120,1000.0
7390,test,1536,1626,1000.0
7391,test,3148,3391,1422.4527347471796
7392,test,2313,3096,1371.8217899480323
7393,test,811,907,6652.455364993344
7394,test,727,948,1000.0
7395,test,1631,2305,1362.1150796199013
7396,test,1317,2633,1178.8661189162253
7397,test,3615,2257,1593.4039409995971
7398,test,3413,2273,1000.0
7399,test,1249,3349,1000.0
7400,test,2161,1438,1000.0
7401,test,3372,3517,2678.5643873710296
7402,test,3915,931,1000.0
7403,test,2140,644,1000.0
7404,test,1389,3661,2238.0821574941883
7405,test,2206,34,5165.230877008132
7406,test,587,2056,3854.501544329514
7407,test,4092,2776,1000.0
7408,test,534,2222,1000.0
7409,test,475,1945,5609.527397179862
7410,test,2508,3224,2408.8738489330126
7411,test,704,83,2043.8412026920294
7412,test,3806,347,2057.2245292541047
7413,test,2426,64,10521.913118039389
7414,test,3165,917,1000.0
7415,test,350,2129,1000.0
7416,test,2785,1698,1193.0137072090051
7417,test,2060,2033,1000.0
7418,test,1669,1873,1000.0
7419,test,947,4105,3061.7328370125188
7420,test,1741,1651,3777.2379946426718
7421,test,3215,588,1000.0
7422,test,573,489,5705.203826848909
7423,test,2294,792,1000.0
7424,test,3455,3903,1000.0
7425,test,2397,2110,1000.0
7426,test,2969,2817,1389.3613244749217
7427,test,1815,1954,1000.0
7428,test,3541,96,1000.0
7429,test,816,3851,3160.0539828667697
7430,test,3240,1140,1000.0
7431,test,829,885,14074.939253131333
7432,test,2019,2577,5454.570799628786
7433,test,3607,1742,1000.0
7434,test,1465,1263,1000.0
7435,test,1397,1064,2972.444941423961
7436,test,3595,1938,2389.0755670070635
7437,test,3052,3414,1000.0
7438,test,1545,1295,1000.0
7439,test,34,2174,3118.775738185732
7440,test,357,4119,1052.3520389637756
7441,test,778,1721,1161.7951237913917
7442,test,3964,2871,1000.0
7443,test,2001,210,1000.0
7444,test,3800,508,1542.3959734899888
7445,test,2228,3292,1234.1280480583791
7446,test,3098,74,1196.6512044055266
7447,test,664,814,1000.0
7448,test,3549,1707,1747.3767305056351
7449,test,2986,1332,1563.7346533410985
7450,test,3176,1461,1000.0
7451,test,4015,3605,1000.0
7452,test,283,2840,11196.832233712688
7453,test,2072,3654,11964.183380110828
7454,test,3197,4051,1000.0
7455,test,3248,2246,1000.0
7456,test,3706,1614,1000.0
7457,test,974,2497,1000.0
7458,test,2623,2501,1000.0
7459,test,3204,707,1000.0
7460,test,1690,2150,1000.0
7461,test,2546,838,1000.0
7462,test,350,479,1582.106041846519
7463,test,3859,1184,9468.426674178156
7464,test,2686,1585,1000.0
7465,test,844,3598,2512.1631864999135
7466,test,2398,2183,1000.0
7467,test,4066,3591,3136.5061157408845
7468,test,4121,464,3035.5835058956864
7469,test,4037,1436,1311.053759255052
7470,test,1670,1641,2011.3910489645168
7471,test,2384,326,1822.7500513040914
7472,test,1075,4058,1000.0
7473,test,3179,1707,1000.0
7474,test,3760,2533,1000.0
7475,test,3057,1455,15766.96481678796
7476,test,3352,1253,2832.4526911499606
7477,test,3172,2204,1000.0
7478,test,1310,718,1518.2294872049647
7479,test,2518,2150,2507.698631196168
7480,test,1027,1267,1643.151925147034
7481,test,391,1482,6307.459211516059
7482,test,1805,2069,1000.0
7483,test,3928,1872,1000.0
7484,test,213,2709,1000.0
7485,test,962,3955,1000.0
7486,test,1641,2578,1000.0
7487,test,2681,3669,1000.0
7488,test,531,2812,1369.869959292325
7489,test,769,2053,1000.0
7490,test,1864,1522,1658.1774924549309
7491,test,3487,3449,1000.0
7492,test,3728,1197,4403.515941660903
7493,test,2009,4082,1948.5169722357182
7494,test,4007,4075,1000.0
7495,test,1060,2966,4347.032116117658
7496,test,160,149,1381.3513740376643
7497,test,2350,3509,1000.0
7498,test,729,3024,1000.0
7499,test,1364,380,2159.4857305871474
7500,test,3620,3643,1233.1059387242196
7501,test,3353,1121,1000.0
7502,test,2779,1353,1000.0
7503,test,2547,1710,1000.0
7504,test,488,1676,1343.418710390069
7505,test,177,3959,1000.0
7506,test,936,3972,2831.3521211624306
7507,test,1225,1315,1000.0
7508,test,1887,2797,1000.0
7509,test,4008,2610,1000.0
7510,test,216,3935,3254.299351636052
7511,test,572,2026,1000.0
7512,test,265,3579,1000.0
7513,test,3179,2397,1000.0
7514,test,1062,494,1000.0
7515,test,1872,348,1000.0
7516,test,1025,620,2614.8197064995043
7517,test,3386,3035,2493.3682959057164
7518,test,90,958,1265.249142707254
7519,test,1523,2970,1842.890287682841
7520,test,888,2402,1000.0
7521,test,1385,1333,6722.363612436858
7522,test,3145,3711,2806.948787674657
7523,test,816,2991,1000.0
7524,test,1865,2153,1000.0
7525,test,1858,513,1000.0
7526,test,2575,3941,1000.0
7527,test,3698,892,1959.8621550238067
7528,test,2302,129,1000.0
7529,test,1428,2767,17311.073819500805
7530,test,3040,1417,9034.961077331709
7531,test,685,118,1000.0
7532,test,1248,2461,1000.0
7533,test,1430,893,2523.257007667674
7534,test,2620,2042,4567.871621401832
7535,test,957,1476,1000.0
7536,test,3291,3232,1000.0
7537,test,2641,2842,1033.7267260150038
7538,test,1791,281,1345.3904807645176
7539,test,520,3428,1000.0
7540,test,2900,4092,1000.0
7541,test,3579,2323,1000.0
7542,test,976,1751,1000.0
7543,test,1983,3267,1000.0
7544,test,2486,1972,1000.0
7545,test,3378,1125,6070.689240400344
7546,test,1124,1331,1000.0
7547,test,3095,2237,2688.622288428196
7548,test,3344,2957,1017.1087408770084
7549,test,2061,2927,2635.3182403067763
7550,test,3778,633,1136.1597527625206
7551,test,1806,2850,1000.0
7552,test,3848,1344,1204.0825474638684
7553,test,1242,849,2692.724150101254
7554,test,3583,1109,6321.807068206444
7555,test,357,2350,1000.0
7556,test,100,3478,7559.3875981420715
7557,test,906,3441,1000.0
7558,test,1812,3514,5092.136706458665
7559,test,977,1674,3262.596740275555
7560,test,3086,3903,2002.0056385772161
7561,test,2308,3646,6805.1402034414805
7562,test,699,3679,1514.9697430310569
7563,test,1930,365,1000.0
7564,test,4020,645,1000.0
7565,test,2278,3276,1000.0
7566,test,785,4000,1866.980933824884
7567,test,2438,1442,15239.412982529098
7568,test,316,3050,1000.0
7569,test,2906,3753,1000.0
7570,test,1448,1833,1000.0
7571,test,1852,1696,2910.503968129973
7572,test,3334,2227,1000.0
7573,test,3083,3154,1096.7232909236975
7574,test,2184,233,1673.4669142799053
7575,test,1975,2250,1000.0
7576,test,2722,1525,8830.77767359048
7577,test,1229,1270,12964.476879192467
7578,test,3743,559,1000.0
7579,test,3956,168,1999.5948208827374
7580,test,255,746,2953.461676010399
7581,test,1276,2387,2976.394771511459
7582,test,2421,1167,1918.0216038795063
7583,test,3372,2678,3563.2022569682013
7584,test,933,3905,10154.736941543051
7585,test,1905,2184,2645.774419055699
7586,test,4040,1053,1000.0
7587,test,1547,3950,2487.980182187868
7588,test,3601,1871,1000.0
7589,test,3586,856,1663.024947837246
7590,test,1314,1081,1246.687893155813
7591,test,2806,784,1848.3162543921114
7592,test,2714,984,1000.0
7593,test,3070,736,6020.402760922787
7594,test,1336,671,1000.0
7595,test,1732,1541,3846.810846922525
7596,test,2526,3794,1054.6399677121515
7597,test,863,1858,2429.438279159057
7598,test,610,2430,2237.226257445227
7599,test,3230,3747,1000.0
7600,test,2906,638,2860.5406870799598
7601,test,2293,4142,1085.7943599249916
7602,test,2301,1917,13858.669367495459
7603,test,679,586,1810.4967486606677
7604,test,2663,202,1000.0
7605,test,2583,568,1000.0
7606,test,3511,2024,13231.283571661073
7607,test,3725,2671,1000.0
7608,test,786,2151,1757.9153400037083
7609,test,1260,2029,1423.70991912132
7610,test,1552,1150,1000.0
7611,test,3173,2593,2243.9259372367633
7612,test,1872,2782,3648.652564263795
7613,test,1418,1314,1000.0
7614,test,404,1134,1000.0
7615,test,4076,1882,1000.0
7616,test,2283,2030,1000.0
7617,test,734,764,1000.0
7618,test,2030,2839,9730.874683072245
7619,test,341,3367,1000.0
7620,test,1887,1306,4569.602189196467
7621,test,3384,2837,1120.234305288778
7622,test,2841,2870,1000.0
7623,test,281,2478,1079.458499425071
7624,test,3108,73,3427.3976422009637
7625,test,1063,3829,1000.0
7626,test,3864,2719,3827.9553907925006
7627,test,3328,3715,1000.0
7628,test,1245,2444,4965.603355514005
7629,test,3267,254,1000.0
7630,test,88,997,1000.0
7631,test,2022,1535,1000.0
7632,test,3992,3038,3085.602455302518
7633,test,214,1898,1423.00519570417
7634,test,722,2301,1000.0
7635,test,2739,137,10562.863155002813
7636,test,64,191,1000.0
7637,test,1724,3265,1000.0
7638,test,1248,2930,1204.1221080534926
7639,test,3043,1235,17827.39325173441
7640,test,834,3686,1000.0
7641,test,1694,3374,1214.2242649005866
7642,test,254,275,1000.0
7643,test,3611,3929,1641.7715120982248
7644,test,3604,3631,11339.190391363723
7645,test,2064,2468,2995.580359501199
7646,test,3321,529,4409.598914169642
7647,test,3304,1504,2858.8836505461436
7648,test,2983,1111,2108.0662179361198
7649,test,1219,4004,1000.0
7650,test,1712,3126,1000.0
7651,test,3699,483,1000.0
7652,test,1938,693,5286.109777008744
7653,test,810,1946,1906.3848773921738
7654,test,1922,1545,17877.43154783337
7655,test,3726,668,1585.2549195624938
7656,test,3032,3771,1000.0
7657,test,2712,341,1496.157458436496
7658,test,1907,4026,15985.413999578755
7659,test,3142,2112,1810.4394398407335
7660,test,398,2122,1000.0
7661,test,1222,1043,2515.306575514202
7662,test,3758,1455,3613.7789908614623
7663,test,56,885,1659.9828340748563
7664,test,3479,2667,1000.0
7665,test,1492,3821,1000.0
7666,test,1497,1082,2197.6424168154936
7667,test,86,1974,4780.95854978097
7668,test,2236,586,1000.0
7669,test,3512,1906,3715.008015669796
7670,test,3986,151,1000.0
7671,test,3018,3693,1000.0
7672,test,831,3713,1000.0
7673,test,756,795,1000.0
7674,test,1825,1738,2151.7841779423507
7675,test,1538,2147,5058.528458120957
7676,test,4014,986,1000.0
7677,test,418,2548,1000.0
7678,test,3282,1079,1957.462531411367
7679,test,1179,3868,1117.7626125621643
7680,test,457,1679,1886.758587478356
7681,test,3937,1035,1440.1639509245156
7682,test,716,3375,1941.366052646492
7683,test,3425,1602,3423.9813545610796
7684,test,2715,2805,1000.0
7685,test,1501,108,1000.0
7686,test,3295,4058,3507.8507568380946
7687,test,1631,1905,1124.0954327635172
7688,test,2883,2460,1000.0
7689,test,1907,2197,1000.0
7690,test,24,3644,2934.9347448489657
7691,test,1608,90,1809.1375517396318
7692,test,3832,1505,2208.8265150419597
7693,test,2178,2049,1000.0
7694,test,2184,2281,1000.0
7695,test,2237,146,1514.1466098764606
7696,test,2258,637,1000.0
7697,test,4127,2101,7354.0569135539445
7698,test,3980,1246,1000.0
7699,test,1247,2675,1366.5812520571994
7700,test,3125,3835,1214.2087397611747
7701,test,1249,1387,3340.732661537458
7702,test,2048,392,2567.3824914698457
7703,test,2370,270,1000.0
7704,test,1168,3714,1000.0
7705,test,158,2096,1000.0
7706,test,3933,3654,1000.0
7707,test,2747,2312,3682.9500210883098
7708,test,3481,2520,2886.5656863559752
7709,test,2034,663,1000.0
7710,test,2194,2841,1505.354197587219
7711,test,1757,556,3674.2061062870384
7712,test,3796,3446,6506.42128879907
7713,test,2258,2634,56877.06587773546
7714,test,2555,3583,1000.0
7715,test,4067,2741,1000.0
7716,test,1944,2425,1883.6579177318995
7717,test,638,1772,1000.0
7718,test,475,2627,1000.0
7719,test,1483,3274,1477.1454993191278
7720,test,442,3507,1000.0
7721,test,4109,1598,3030.54955201075
7722,test,3748,859,1000.0
7723,test,991,1339,16846.73507421144
7724,test,2322,1809,1000.0
7725,test,1256,518,5010.432414217557
7726,test,1771,3031,1000.0
7727,test,3373,3896,1000.0
7728,test,1029,1388,1189.391308034876
7729,test,249,329,1000.0
7730,test,1896,3140,2258.3572300720134
7731,test,2581,1564,2183.3137933254957
7732,test,637,4066,1000.0
7733,test,2512,515,1000.0
7734,test,1466,3558,1000.0
7735,test,984,2692,7246.292903817506
7736,test,3354,1907,1000.0
7737,test,188,1188,1000.0
7738,test,1219,3130,4128.272963748653
7739,test,1322,3946,1000.0
7740,test,2309,3430,1000.0
7741,test,988,828,1000.0
7742,test,3617,1249,1000.0
7743,test,2098,2660,3939.1807449820026
7744,test,3533,570,1000.0
7745,test,3352,2573,1000.0
7746,test,1601,3365,1000.0
7747,test,3714,1493,1000.0
7748,test,1136,643,1000.0
7749,test,214,3226,12979.735098203084
7750,test,3813,2407,3383.2841785401592
7751,test,3029,1906,1000.0
7752,test,1147,4069,1752.0211449325682
7753,test,1012,3656,1000.0
7754,test,1186,1518,1000.0
7755,test,1089,169,1000.0
7756,test,981,520,3300.5332938324837
7757,test,968,3990,1000.0
7758,test,4123,4038,1000.0
7759,test,3040,229,1000.0
7760,test,3643,431,1977.4087358882396
7761,test,1007,2477,1000.0
7762,test,2885,1365,3928.781839910114
7763,test,4136,567,1000.0
7764,test,1531,228,10453.97602566026
7765,test,2277,1544,1932.5694226612632
7766,test,3706,2220,2205.5216338971395
7767,test,42,2762,1259.6117746275752
7768,test,3259,1814,6522.793022000909
7769,test,2200,2916,1196.8474194269722
7770,test,2075,2478,1000.0
7771,test,3238,3331,1000.0
7772,test,2546,762,16454.731454520614
7773,test,182,257,2706.4655569812644
7774,test,2593,3134,1000.0
7775,test,3357,3087,1868.2725577862034
7776,test,1056,493,1000.0
7777,test,3631,3797,1000.0
7778,test,543,2744,1000.0
7779,test,2552,2216,1000.0
7780,test,2586,3093,1000.0
7781,test,822,1200,1562.0743161206824
7782,test,538,1463,1077.9151304137345
7783,test,790,2516,1000.0
7784,test,2814,3572,1000.0
7785,test,2312,1872,1130.7984577948755
7786,test,3485,1368,1000.0
7787,test,1504,3527,2721.0792594318395
7788,test,2760,1795,2007.4108323550413
7789,test,3584,100,1000.0
7790,test,2180,4087,1000.0
7791,test,3009,240,5300.4639500328685
7792,test,3172,860,1419.0714611378305
7793,test,1042,2945,1136.8234843941234
7794,test,1168,2180,1000.0
7795,test,3186,1829,4053.9752805134844
7796,test,4096,3674,1000.0
7797,test,1354,3776,1000.0
7798,test,2080,2297,1324.4586977693168
7799,test,1928,3310,1000.0
7800,test,225,2256,6783.5345157683105
7801,test,4122,2066,1000.0
7802,test,1491,619,1595.9599274028017
7803,test,3881,2657,2874.380558161538
7804,test,576,262,1000.0
7805,test,2450,3600,1000.0
7806,test,586,947,7547.888900109703
7807,test,619,1304,1000.0
7808,test,2269,1880,1856.060349246147
7809,test,676,1040,1000.0
7810,test,2425,742,1000.0
7811,test,3017,2262,1199.0685660311715
7812,test,234,2931,1000.0
7813,test,1939,196,1000.0
7814,test,640,1538,1100.9095422994349
7815,test,2492,911,1000.0
7816,test,3508,2974,2102.25589895711
7817,test,2103,2241,1000.0
7818,test,3400,1912,1000.0
7819,test,472,3484,1000.0
7820,test,562,2600,1039.1294165062916
7821,test,457,2952,1871.6407876891403
7822,test,3909,3996,1000.0
7823,test,593,1725,1000.0
7824,test,651,1562,2187.6750404320514
7825,test,3711,836,2325.676355304066
7826,test,1168,2321,1789.0641651558
7827,test,3117,3288,1000.0
7828,test,3267,910,1219.5199939843308
7829,test,259,1996,3506.777779619454
7830,test,1447,2572,1000.0
7831,test,2930,1504,1000.0
7832,test,2846,587,1000.0
7833,test,4052,906,1000.0
7834,test,2727,1585,1000.0
7835,test,692,255,1496.8005230790038
7836,test,442,3451,7021.570899979412
7837,test,313,1863,2231.052660687008
7838,test,2256,3033,1000.0
7839,test,3821,2357,6005.1604816017525
7840,test,410,2999,4165.2569122853265
7841,test,149,1360,1000.0
7842,test,3635,2124,10124.385148283913
7843,test,2082,928,1000.0
7844,test,3294,3744,3669.3302388581506
7845,test,1058,3443,42772.706153317136
7846,test,571,1539,1000.0
7847,test,523,3473,1000.0
7848,test,2703,1071,1000.0
7849,test,155,2657,1000.0
7850,test,2137,1606,1000.0
7851,test,3468,925,7439.057142076051
7852,test,1157,3739,14542.736440529688
7853,test,2834,1838,6746.042878686058
7854,test,1411,1881,1000.0
7855,test,1439,3438,2727.094130881485
7856,test,305,4138,4840.714851030447
7857,test,630,1532,1000.0
7858,test,1217,2520,1000.0
7859,test,4127,3736,1770.1872893891955
7860,test,36,3051,1000.0
7861,test,1032,2591,13458.0296744691
7862,test,1636,1911,2776.7641953623697
7863,test,4046,3317,5670.987532090195
7864,test,1093,1285,1000.0
7865,test,2337,1983,1000.0
7866,test,2417,3093,2162.4858662096312
7867,test,1611,2480,1000.0
7868,test,2057,2605,6960.440782907081
7869,test,1879,1624,1000.0
7870,test,2379,1341,1000.0
7871,test,3351,1458,1000.0
7872,test,619,1427,1000.0
7873,test,492,2360,1000.0
7874,test,3448,2878,3426.935177632624
7875,test,146,1450,3615.001041470294
7876,test,1255,1432,1267.0941716319303
7877,test,499,2724,1063.0783808665374
7878,test,3967,481,13338.86103984466
7879,test,597,1392,2119.5559100021314
7880,test,3659,881,1000.0
7881,test,3185,1085,1000.0
7882,test,2482,1150,1175.9973422576193
7883,test,2410,2746,10388.06736301863
7884,test,3212,3618,9373.162342489682
7885,test,3147,2318,1000.0
7886,test,1997,3822,9927.897391517274
7887,test,2959,3179,1000.0
7888,test,3040,4079,5322.324209739604
7889,test,1150,125,1000.0
7890,test,768,1087,1000.0
7891,test,1744,311,1000.0
7892,test,2375,3782,2200.1091809045865
7893,test,247,1275,1000.0
7894,test,3531,1930,5113.515357792255
7895,test,2382,1906,1000.0
7896,test,1022,504,1072.744237858662
7897,test,234,3381,1000.0
7898,test,3212,2884,1000.0
7899,test,3455,2003,1000.0
7900,test,399,2861,1151.5677760877552
7901,test,2773,101,3041.4482253695633
7902,test,1954,2236,1000.0
7903,test,2264,1964,1000.0
7904,test,3290,3536,2850.5987935200537
7905,test,365,2729,3275.3766086642195
7906,test,389,1806,4703.8166094782355
7907,test,3414,1077,1000.0
7908,test,999,1416,1000.0
7909,test,2690,856,1000.0
7910,test,982,199,1000.0
7911,test,1743,864,1000.0
7912,test,9,2381,3344.9793299166354
7913,test,2558,1365,1352.0951957046905
7914,test,2278,3282,1205.6135559232462
7915,test,3170,3436,1511.0831590406913
7916,test,4055,1332,1656.587280537725
7917,test,1405,1786,2448.8410923455212
7918,test,1339,243,1000.0
7919,test,4017,4042,1000.0
7920,test,3529,442,1333.6575276687972
7921,test,3173,3383,1000.0
7922,test,4089,1818,1318.1623163349243
7923,test,1577,693,1352.149346836912
7924,test,2196,4105,1000.0
7925,test,1966,4107,5050.9325127090015
7926,test,581,335,1000.0
7927,test,3262,3487,1963.0591732650428
7928,test,1014,2179,1000.0
7929,test,3677,3530,3694.0677541232126
7930,test,3851,3565,1000.0
7931,test,2818,2876,1000.0
7932,test,2048,2798,2822.2033377612624
7933,test,1162,429,1000.0
7934,test,3675,3371,1000.0
7935,test,1152,996,1000.0
7936,test,3044,2205,1000.0
7937,test,3089,967,1000.0
7938,test,1441,102,2169.812300495092
7939,test,1568,2187,1490.1047442417498
7940,test,245,53,1000.0
7941,test,3564,3367,1000.0
7942,test,1308,3520,3148.757509317735
7943,test,1654,515,1580.643117916752
7944,test,3792,1896,3109.118623402772
7945,test,1064,2885,1050.6145902588132
7946,test,527,244,2334.864251051087
7947,test,2914,148,1804.0362589628314
7948,test,2903,3210,1000.0
7949,test,544,3584,1000.0
7950,test,3039,767,1894.5996255591137
7951,test,1892,1096,7823.40137553812
7952,test,3534,1924,1000.0
7953,test,2078,2822,2508.75872862711
7954,test,3938,3602,2036.5341478637474
7955,test,1671,2562,1102.8010982663197
7956,test,2722,1042,1000.0
7957,test,3250,2091,2802.5134388507536
7958,test,1163,1125,1000.0
7959,test,1601,2267,5057.272763453955
7960,test,786,3529,2977.906434234981
7961,test,3325,940,2222.6814097468346
7962,test,2173,2577,1000.0
7963,test,2238,3197,1000.0
7964,test,3045,3410,1348.4677522660613
7965,test,378,3987,1012.2185255650453
7966,test,1640,3866,1000.0
7967,test,28,2085,5357.853314551648
7968,test,2752,3514,4020.194023404603
7969,test,782,2106,8686.293019804734
7970,test,1184,1085,1518.9788789243516
7971,test,1387,73,7230.626355058345
7972,test,158,2082,1000.0
7973,test,768,2113,30832.76130447843
7974,test,1898,717,4434.837500792301
7975,test,467,1887,1000.0
7976,test,1718,1266,1000.0
7977,test,2580,1953,10140.158443924396
7978,test,3854,2833,1000.0
7979,test,2989,1860,1000.0
7980,test,3213,582,14018.549479888656
7981,test,29,164,5536.571204837087
7982,test,2877,1646,3327.535514884753
7983,test,492,3087,1000.0
7984,test,1887,1652,1143.5229799906363
7985,test,3427,3709,1351.440369831366
7986,test,3061,3094,1857.941328637623
7987,test,162,2926,1000.0
7988,test,2117,2300,1000.0
7989,test,2440,2428,1749.048075140807
7990,test,1047,42,1000.0
7991,test,237,2448,1184.0492639567715
7992,test,110,1596,1000.0
7993,test,1870,1321,2362.886607158702
7994,test,1676,2121,1000.0
7995,test,3014,381,1000.0
7996,test,864,1488,1000.0
7997,test,3570,521,1000.0
7998,test,3198,2584,1000.0
7999,test,707,2871,2830.5284105391793
8000,test,2891,3665,5246.127683294377
8001,test,2074,954,1000.0
8002,test,1875,3982,10053.806385819833
8003,test,3532,2984,3117.045493105563
8004,test,3213,2182,1000.0
8005,test,3800,720,2525.6274369436164
8006,test,3645,2259,6885.8152742580205
8007,test,3704,3388,1584.5636133872902
8008,test,1549,1537,6420.568324208971
8009,test,3003,3557,1000.0
8010,test,1996,2906,1000.0
8011,test,3341,2738,8690.001802983139
8012,test,1160,635,3582.8276141274214
8013,test,1164,2366,5979.768514302147
8014,test,2746,987,3724.8138253186103
8015,test,1216,4075,5357.41991649031
8016,test,1687,2866,1000.0
8017,test,1791,734,1000.0
8018,test,2093,2371,2541.5894326221855
8019,test,3703,455,2390.5975093350116
8020,test,45,2279,1582.9348105336683
8021,test,2812,2294,9547.799664677279
8022,test,1832,2125,12752.99215558731
8023,test,2465,1817,1000.0
8024,test,1074,1726,2515.191290488528
8025,test,287,1876,17623.03203900514
8026,test,1555,3529,1000.0
8027,test,1141,2253,1000.0
8028,test,1892,4040,1000.0
8029,test,2156,3924,1008.0820542636517
8030,test,2275,1848,1000.0
8031,test,410,3111,1000.0
8032,test,2585,2035,2143.755828513639
8033,test,1270,2651,4726.239206509875
8034,test,2110,2644,1794.0275710975932
8035,test,636,123,1834.1212098897215
8036,test,1854,3764,1000.0
8037,test,2054,3459,1000.0
8038,test,785,2307,1000.0
8039,test,1761,2615,1000.0
8040,test,2701,3498,1903.4077511669332
8041,test,1374,3319,4309.543234366134
8042,test,1386,2074,1000.0
8043,test,328,2559,1000.0
8044,test,2030,1452,2325.210642874993
8045,test,2055,3376,12799.720710248068
8046,test,3715,2384,1000.0
8047,test,1310,263,1000.0
8048,test,1802,709,1000.0
8049,test,395,3658,2311.2677050149427
8050,test,3556,2913,1000.0
8051,test,2022,1611,2001.4826641813252
8052,test,2327,3939,1038.0593311148293
8053,test,2397,2153,1720.1832286315328
8054,test,1674,1768,1000.0
8055,test,3484,1714,1000.0
8056,test,3255,3827,1492.4951606287202
8057,test,997,4061,1000.0
8058,test,1575,1278,13530.517153262319
8059,test,1920,707,1000.0
8060,test,1836,584,1000.0
8061,test,807,286,1000.0
8062,test,2611,1463,1258.855611024786
8063,test,3254,2494,1652.8041265161228
8064,test,3650,1983,1000.0
8065,test,2425,3384,1000.0
8066,test,59,407,2005.145027081738
8067,test,2896,2776,1000.0
8068,test,1318,1958,1724.1783783639007
8069,test,2278,2740,2079.008541109163
8070,test,3473,3416,6000.010928161931
8071,test,3595,968,1227.418181356642
8072,test,68,667,1000.0
8073,test,129,2327,1541.2909654330801
8074,test,3845,2033,1000.0
8075,test,356,1836,1509.6409358889348
8076,test,3683,2927,1955.5033019640684
8077,test,2721,52,10928.772082998868
8078,test,1803,3041,1000.0
8079,test,2509,2965,3012.0649567994856
8080,test,954,905,1000.0
8081,test,1397,11,1168.1668092015925
8082,test,2090,1526,1460.269872731658
8083,test,3416,3346,4111.188594553032
8084,test,1198,1878,2691.100691249699
8085,test,901,448,8972.045813135903
8086,test,3830,590,5765.622642015671
8087,test,3673,3112,1516.4341849676243
8088,test,1173,778,20110.67707407869
8089,test,1077,1188,1965.6329895821461
8090,test,58,1712,1000.0
8091,test,4118,1590,1000.0
8092,test,1524,1948,1000.0
8093,test,3911,467,1000.0
8094,test,2583,837,1999.8550937716739
8095,test,1557,620,1902.4617279072306
8096,test,2617,4000,1000.0
8097,test,2832,642,1428.5989187960738
8098,test,10,3237,1000.0
8099,test,1775,1966,1602.0677931890739
8100,test,1366,2130,1000.0
8101,test,1651,2975,1444.980351141354
8102,test,2502,3054,1000.0
8103,test,2192,2928,13251.185345029888
8104,test,3704,949,2339.0858573867813
8105,test,68,2858,25985.20686357602
8106,test,2986,3055,1000.0
8107,test,818,128,1000.0
8108,test,2550,2672,2878.7370263035023
8109,test,2359,3276,7387.693147900942
8110,test,623,1566,1000.0
8111,test,237,646,9917.267403418235
8112,test,1353,1941,1994.4247030556771
8113,test,3233,2713,1000.0
8114,test,1492,3716,1000.0
8115,test,3898,3366,3848.956309678144
8116,test,2088,2385,1000.0
8117,test,1502,887,2661.631306402218
8118,test,1536,1226,32635.275228651462
8119,test,3282,1847,2624.5880888401666
8120,test,1994,1615,2813.89219619778
8121,test,3696,1152,4598.3977427848995
8122,test,3894,1179,1000.0
8123,test,2282,3859,1000.0
8124,test,362,3507,1000.0
8125,test,3117,1766,6775.988129819902
8126,test,859,765,1000.0
8127,test,1880,4074,1000.0
8128,test,2694,1515,1000.0
8129,test,1680,2886,1000.0
8130,test,3138,3171,2902.8594758502823
8131,test,3444,3082,4945.314976410574
8132,test,2719,2627,3727.175350216494
8133,test,2384,2964,1058.4208572740652
8134,test,2631,891,6776.144973647433
8135,test,1841,2348,1000.0
8136,test,2669,2791,1000.0
8137,test,2871,1249,1142.44606003432
8138,test,3795,1980,1413.9838066155278
8139,test,1490,947,14062.384026387868
8140,test,4035,4064,1000.0
8141,test,583,4017,1818.6262235534682
8142,test,3389,2239,1204.8916434505384
8143,test,1443,2635,1000.0
8144,test,1541,3229,1000.0
8145,test,926,847,1000.0
8146,test,2512,2196,2160.456339159712
8147,test,44,1583,3697.7949322880904
8148,test,1070,1318,1000.0
8149,test,1083,391,1283.7819681437456
8150,test,689,2397,1000.0
8151,test,1854,2791,1000.0
8152,test,264,1446,2453.0501996491303
8153,test,3567,453,1000.0
8154,test,367,1441,1000.0
8155,test,3157,683,21637.810926630264
8156,test,1212,1950,1000.0
8157,test,3623,375,1000.0
8158,test,3971,2338,1000.0
8159,test,1451,4070,1000.0
8160,test,68,2603,1000.0
8161,test,1214,226,1338.9596330815605
8162,test,63,2344,1000.0
8163,test,241,3661,1825.6193555189236
8164,test,190,2782,3776.0603889255744
8165,test,1042,474,1000.0
8166,test,833,1488,1714.0328462948
8167,test,3212,1279,1000.0
8168,test,3495,2536,3377.1213899709805
8169,test,1685,1383,1962.4618344570429
8170,test,3769,3658,1000.0
8171,test,4037,2047,1000.0
8172,test,3736,2028,1000.0
8173,test,1654,3057,1000.0
8174,test,2369,2842,5841.244496083277
8175,test,3881,2166,1000.0
8176,test,2800,3375,1000.0
8177,test,3301,1834,1000.0
8178,test,107,3869,1000.0
8179,test,3065,939,10539.755468338944
8180,test,1098,3744,1000.0
8181,test,3809,1422,8486.976319315756
8182,test,936,45,29064.897136420685
8183,test,321,3968,1000.0
8184,test,1420,1648,1000.0
8185,test,548,2402,1000.0
8186,test,877,3912,1230.471270090346
8187,test,2279,950,1000.0
8188,test,839,2194,1000.0
8189,test,3435,360,3726.1201912479396
8190,test,669,3343,1000.0
8191,test,2062,1764,1000.0
8192,test,2016,186,3631.8262458280574
8193,test,2017,3849,5134.656941276783
8194,test,3897,1936,3113.53476951689
8195,test,3048,596,1000.0
8196,test,1758,2363,1000.0
8197,test,3257,1375,1000.0
8198,test,3024,440,1000.0
8199,test,1482,1057,4769.503452173096
8200,test,1570,2682,1605.8426053669314
8201,test,3583,1630,2794.7110740871467
8202,test,1857,2987,24789.912979772187
8203,test,535,1960,1274.74930100083
8204,test,3249,1586,1817.8180580295793
8205,test,1326,784,2222.7893002609458
8206,test,2306,3613,3743.0401943837705
8207,test,1036,1658,1000.0
8208,test,384,2659,1000.0
8209,test,2056,1443,1224.8600707089013
8210,test,1857,2143,1000.0
8211,test,2470,516,5637.373324799709
8212,test,1201,1977,1227.1175739870257
8213,test,3045,3295,1000.0
8214,test,1045,1956,3955.209662225423
8215,test,166,2393,2175.010279332309
8216,test,270,1005,13372.50003271094
8217,test,2242,3380,2227.8726643297323
8218,test,595,795,1000.0
8219,test,1518,4023,1000.0
8220,test,2785,3237,1000.0
8221,test,3414,1362,10715.010626119407
8222,test,2042,3338,12156.207261573516
8223,test,2215,2284,1000.0
8224,test,2229,2063,1000.0
8225,test,523,519,1508.9579154045396
8226,test,525,1340,1000.0
8227,test,443,1150,1000.0
8228,test,1146,3892,1000.0
8229,test,2329,581,1000.0
8230,test,2832,3749,1000.0
8231,test,2534,583,1000.0
8232,test,73,564,1000.0
8233,test,405,3813,9412.532278733517
8234,test,4121,779,1150.1334616554093
8235,test,139,2481,1000.0
8236,test,2992,3304,1000.0
8237,test,2956,4079,18993.649893600028
8238,test,1539,682,2610.2795879726855
8239,test,38,3638,1000.0
8240,test,2998,2286,1000.0
8241,test,143,2357,1000.0
8242,test,1450,2278,1176.9284001564845
8243,test,2534,1206,3428.4859717679756
8244,test,1375,913,1222.0835689700768
8245,test,521,891,1000.0
8246,test,3134,274,3070.9799714240985
8247,test,660,1371,1338.1835248935204
8248,test,848,2230,2608.7002079784593
8249,test,1227,1105,1000.0
8250,test,1192,158,1534.5719605447177
8251,test,3052,3405,1000.0
8252,test,301,2958,3030.3781214397695
8253,test,1991,3608,6564.747707796956
8254,test,2274,20,1000.0
8255,test,3667,1201,1885.8237214344385
8256,test,47,2739,1011.2433490212213
8257,test,3706,1477,1000.0
8258,test,2420,2983,4209.074316004488
8259,test,2819,1679,8315.056822105713
8260,test,3449,2500,1000.0
8261,test,491,2877,1000.0
8262,test,3843,2345,1000.0
8263,test,2349,3925,1000.0
8264,test,2724,3960,1213.5671998519463
8265,test,176,4121,1591.6146459096294
8266,test,287,3998,5204.710136003652
8267,test,3218,1395,1000.0
8268,test,2675,3791,5437.303558692752
8269,test,363,249,1000.0
8270,test,3563,1205,4020.815527150247
8271,test,1068,279,2609.7578952243693
8272,test,2127,1205,6714.108798312688
8273,test,2903,3084,1000.0
8274,test,673,494,1000.0
8275,test,4130,3718,7670.612607537258
8276,test,2417,1,1508.8897452570127
8277,test,3064,4030,1000.0
8278,test,1796,1997,1000.0
8279,test,3076,3628,1000.0
8280,test,2012,1927,1000.0
8281,test,465,1315,1000.0
8282,test,744,2452,1000.0
8283,test,2147,3281,3893.123171797218
8284,test,2703,248,1000.0
8285,test,3545,3426,1000.0
8286,test,2788,844,1824.2891947946198
8287,test,3541,1511,1468.5236799796703
8288,test,12,2635,1000.0
8289,test,3315,3337,26176.21625436669
8290,test,1333,1535,5904.882539022027
8291,test,3042,1969,1000.0
8292,test,918,3406,2214.4107337442447
8293,test,3847,387,1000.0
8294,test,3028,1817,1000.0
8295,test,1455,1916,1000.0
8296,test,2016,80,1548.056970205757
8297,test,376,1458,4311.046534108191
8298,test,3900,2448,1384.8096776152954
8299,test,2759,1777,2259.07183824836
8300,test,2621,209,4401.656034302731
8301,test,3277,1308,1000.0
8302,test,2846,968,2029.885552403721
8303,test,2236,2496,7259.095872085324
8304,test,1428,2149,2189.0723864051506
8305,test,1638,2259,15066.075467466173
8306,test,1954,351,2317.8116658407916
8307,test,2426,1227,1000.0
8308,test,189,4125,1672.6705756481842
8309,test,3488,2859,5571.069343287874
8310,test,695,148,7238.210458546629
8311,test,2467,58,1000.0
8312,test,876,2370,1439.8824409823033
8313,test,3672,425,1206.6699025535077
8314,test,2373,2084,1000.0
8315,test,1680,2259,1000.0
8316,test,1343,78,3569.0898132004077
8317,test,2001,3589,2718.7729033212077
8318,test,2291,3176,5382.857367007801
8319,test,4010,2713,1000.0
8320,test,2922,3042,2320.641671065117
8321,test,1749,3775,1000.0
8322,test,3924,712,1000.0
8323,test,3842,2814,1130.3507196449223
8324,test,640,1778,1496.6853664064874
8325,test,1926,3703,4911.877628057456
8326,test,210,2020,1000.0
8327,test,2202,623,1000.0
8328,test,639,1936,3700.136871013325
8329,test,872,362,1000.0
8330,test,3204,2282,1000.0
8331,test,3683,1716,1014.6781994254638
8332,test,2566,468,1000.0
8333,test,1258,846,1378.94556439662
8334,test,1270,3808,2131.1730851064353
8335,test,555,1564,1000.0
8336,test,3229,3342,1000.0
8337,test,423,3194,1000.0
8338,test,2900,51,1000.0
8339,test,1371,2453,6485.021562792575
8340,test,2500,612,2048.93328096814
8341,test,1550,1288,1000.0
8342,test,3033,979,1000.0
8343,test,3955,3534,1000.0
8344,test,2560,3845,1419.0214836839052
8345,test,1330,1502,1000.0
8346,test,1781,948,1679.7643933426803
8347,test,3718,3720,1000.0
8348,test,2209,3873,6327.273886926442
8349,test,3276,94,1000.0
8350,test,641,1695,1000.0
8351,test,908,1601,7315.9597917087995
8352,test,627,3808,1000.0
8353,test,1973,1527,1327.2062905314604
8354,test,2824,2991,1000.0
8355,test,3844,2231,2439.125727705019
8356,test,1171,3291,1000.0
8357,test,1967,927,1000.0
8358,test,883,3489,1000.0
8359,test,1512,3351,2930.985460015703
8360,test,3639,3795,2265.438206435053
8361,test,1372,1329,1000.0
8362,test,2771,1100,1000.0
8363,test,3542,4028,1000.0
8364,test,4140,3209,1000.0
8365,test,1814,1269,1000.0
8366,test,3331,3612,1000.0
8367,test,375,2762,1078.7472872587591
8368,test,1334,1816,3270.761903992028
8369,test,3781,1561,7761.04728472615
8370,test,4049,516,1000.0
8371,test,3502,1738,1994.8737932128693
8372,test,1790,2255,15608.264311883899
8373,test,2648,797,1226.1864878853228
8374,test,3306,2583,2620.544896358777
8375,test,1309,2184,1000.0
8376,test,1636,4007,2723.8113362929803
8377,test,4021,759,1000.0
8378,test,3290,1352,2949.8764772088884
8379,test,3282,556,1000.0
8380,test,3345,1570,2022.167379580616
8381,test,1076,1604,1000.0
8382,test,4072,1105,1570.2052927847335
8383,test,635,2080,1000.0
8384,test,3687,3005,1000.0
8385,test,3782,1259,2906.1198349327583
8386,test,2336,3949,1000.0
8387,test,2830,892,1000.0
8388,test,2827,1421,1000.0
8389,test,2538,1255,1000.0
8390,test,3306,862,1000.0
8391,test,3624,2193,1000.0
8392,test,3360,3538,1000.0
8393,test,1059,1583,1095.003605503679
8394,test,1841,3498,1000.0
8395,test,3697,3621,1000.0
8396,test,455,1512,1000.0
8397,test,1246,3594,1000.0
8398,test,1655,111,1000.0
8399,test,1013,330,1000.0
8400,test,2187,3527,1000.0
8401,test,767,3929,1000.0
8402,test,3959,1104,1000.0
8403,test,1162,2567,2559.7919263676763
8404,test,2189,3450,1431.9813891496601
8405,test,2211,1225,8570.940912679598
8406,test,2597,3558,1000.0
8407,test,3448,1326,1000.0
8408,test,2173,1628,1000.0
8409,test,1340,1793,2193.4451846313614
8410,test,3689,3654,2732.0601683492364
8411,test,539,3941,2156.2032159069718
8412,test,1597,2431,4229.173314579814
8413,test,962,3193,1446.7740019174612
8414,test,873,748,1000.0
8415,test,1310,1094,6458.137049617704
8416,test,20,501,1000.0
8417,test,3971,3752,1000.0
8418,test,3225,1350,6981.181911865628
8419,test,2135,2553,18446.27983461696
8420,test,41,3431,3000.461547512354
8421,test,3021,2664,2327.817153167747
8422,test,2497,1717,1000.0
8423,test,3034,952,1000.0
8424,test,3159,2335,1000.0
8425,test,1318,3454,1000.0
8426,test,136,1796,4413.263478443218
8427,test,1053,3136,1000.0
8428,test,3108,1816,2032.8496838862368
8429,test,2896,2948,1000.0
8430,test,3096,2683,1000.0
8431,test,3846,597,1196.5838368739905
8432,test,1910,2149,1000.0
8433,test,1684,1626,1000.0
8434,test,2684,2791,1000.0
8435,test,2200,1239,1000.0
8436,test,2367,3580,1000.0
8437,test,2432,3359,1000.0
8438,test,2826,1972,1000.0
8439,test,3544,319,17595.585790199624
8440,test,689,1089,1000.0
8441,test,1811,1936,1000.0
8442,test,1630,1080,1528.6027407354889
8443,test,2109,340,1000.0
8444,test,1972,3273,1201.1003370170774
8445,test,1803,2191,1067.3290326212752
8446,test,3824,1125,2536.4089151563267
8447,test,2453,858,1031.1359556063296
8448,test,3182,320,1000.0
8449,test,3609,2038,2028.1887578164885
8450,test,2374,2130,1000.0
8451,test,1848,514,2288.8429883419994
8452,test,1315,1233,1701.6005117032964
8453,test,2898,2301,1000.0
8454,test,2589,3839,3426.2788293161725
8455,test,2954,478,2149.8244264685186
8456,test,1155,757,3503.3735089073043
8457,test,2311,77,1000.0
8458,test,3575,1517,1000.0
8459,test,2191,4017,1000.0
8460,test,2726,3272,1000.0
8461,test,2285,222,1881.3441763130884
8462,test,721,1464,1000.0
8463,test,1340,3257,1628.3633103783452
8464,test,487,2989,1641.7875760650074
8465,test,1201,2655,1000.0
8466,test,1201,1837,1072.3637563989403
8467,test,1972,2863,1000.0
8468,test,216,1621,1000.0
8469,test,1159,3827,1439.9588841375057
8470,test,1243,3746,1963.1873702347848
8471,test,1402,466,2954.3695033721524
8472,test,2,3655,1000.0
8473,test,702,3849,2135.450137706074
8474,test,491,1573,1189.4214413818713
8475,test,2405,1683,1000.0
8476,test,1478,1195,1000.0
8477,test,2582,2374,2150.713315153486
8478,test,748,1996,1049.3829967501008
8479,test,3406,2476,4424.0860809253645
8480,test,2915,1878,1000.0
8481,test,760,2637,3851.6332533970276
8482,test,2045,45,1462.545630680915
8483,test,1837,210,8260.077235356162
8484,test,3544,336,1000.0
8485,test,3218,2972,1000.0
8486,test,2260,2942,1000.0
8487,test,400,124,1000.0
8488,test,3649,147,1022.494916190022
8489,test,3281,3951,1000.0
8490,test,1320,3312,1000.0
8491,test,894,2436,16289.296407850094
8492,test,1701,1290,1000.0
8493,test,1418,2302,1000.0
8494,test,3563,773,1000.0
8495,test,2669,1372,7414.86026549381
8496,test,245,3183,2270.887913992315
8497,test,1107,4050,12029.255816191038
8498,test,8,1129,1000.0
8499,test,1452,1449,1000.0
8500,test,4136,1453,1000.0
8501,test,2544,3529,1047.8591692985572
8502,test,3030,178,1000.0
8503,test,584,94,1000.0
8504,test,721,1009,2128.936203601225
8505,test,2630,2010,1162.753022205215
8506,test,1095,1671,1073.0848064482661
8507,test,4048,836,3838.3276937461605
8508,test,2912,371,2286.6235953527466
8509,test,1467,321,1000.0
8510,test,1008,2518,5989.336264037017
8511,test,3208,4086,8432.384660433307
8512,test,452,3277,1000.0
8513,test,2860,2411,1000.0
8514,test,404,1029,1000.0
8515,test,248,2387,1085.4534043869978
8516,test,2808,1597,1000.0
8517,test,3096,3108,1125.8578767390923
8518,test,476,2227,1865.1387203068798
8519,test,176,3685,1666.5908008947551
8520,test,4101,3462,1000.0
8521,test,3421,2911,1000.0
8522,test,2370,1664,1000.0
8523,test,2508,1667,3160.7502560532384
8524,test,480,3123,12371.927004049436
8525,test,422,3883,1000.0
8526,test,4087,2935,1000.0
8527,test,963,435,1000.0
8528,test,3447,2267,1000.0
8529,test,3217,3195,1000.0
8530,test,3663,418,1000.0
8531,test,3953,1237,2508.4863901671633
8532,test,1127,4025,1000.0
8533,test,3418,1904,1684.2055900326409
8534,test,2663,2027,1000.0
8535,test,505,316,1000.0
8536,test,782,2092,4573.262852905112
8537,test,2124,2831,9277.770078881664
8538,test,967,1553,1000.0
8539,test,3038,2684,1000.0
8540,test,1300,3985,1000.0
8541,test,2289,740,1693.3912512911559
8542,test,3855,3820,1593.8285088531932
8543,test,925,2498,7363.012179905884
8544,test,272,339,7351.426105194433
8545,test,3489,855,10254.86775775991
8546,test,2505,3569,2437.5857743923107
8547,test,742,2809,1000.0
8548,test,2754,3730,1000.0
8549,test,3437,1501,2218.0992491712714
8550,test,99,1141,3162.4793585136526
8551,test,2577,2552,1000.0
8552,test,723,3436,5644.996345079293
8553,test,2325,1487,5590.70818263335
8554,test,3784,2568,1000.0
8555,test,3604,488,4508.888871598264
8556,test,1677,3357,2534.8749993630213
8557,test,2702,1677,1000.0
8558,test,2452,3712,1000.0
8559,test,3493,3937,2818.19276058106
8560,test,2138,3030,1364.1569549712679
8561,test,2559,27,1000.0
8562,test,4,2582,1786.6034339158655
8563,test,3001,229,1000.0
8564,test,3112,1683,1000.0
8565,test,3075,3969,1406.4361329476394
8566,test,2909,2938,1000.0
8567,test,250,2743,1000.0
8568,test,764,748,1000.0
8569,test,171,1229,1000.0
8570,test,3560,2431,7072.361015448024
8571,test,678,2591,4180.83023212435
8572,test,606,2679,1000.0
8573,test,3668,3190,1000.0
8574,test,1947,2922,1588.7705830712252
8575,test,1435,2176,1737.1367639219886
8576,test,2552,3503,1000.0
8577,test,3500,3900,1000.0
8578,test,2283,2723,1723.6191407363333
8579,test,4003,2245,4264.949807191789
8580,test,1023,2900,1000.0
8581,test,260,3616,1000.0
8582,test,2891,2024,3183.920761228364
8583,test,1634,2173,3982.463813246401
8584,test,678,1591,1536.5297116753236
8585,test,3326,317,1000.0
8586,test,3984,68,1000.0
8587,test,1039,2046,1985.1431603094209
8588,test,1633,2765,1336.9648634174785
8589,test,150,2352,2505.8360272134905
8590,test,213,719,6323.610294256655
8591,test,1210,3238,3837.1899987746588
8592,test,3139,1768,1941.095427150465
8593,test,810,773,1797.5284377199255
8594,test,1607,1883,17130.376494368582
8595,test,2131,3028,1000.0
8596,test,1895,4030,1000.0
8597,test,1102,2728,3108.5749941970403
8598,test,3534,2009,2293.3309022568383
8599,test,1053,1012,1883.7910428671178
8600,test,435,2630,1000.0
8601,test,964,2625,2182.511131136246
8602,test,1720,2961,1000.0
8603,test,1002,3384,2073.5337441882534
8604,test,2868,2143,1000.0
8605,test,1679,3654,1000.0
8606,test,1392,2747,3672.6899986152844
8607,test,837,1245,10732.186947423894
8608,test,781,735,1000.0
8609,test,2423,227,1000.0
8610,test,2426,196,1000.0
8611,test,1192,1129,2308.7682331430715
8612,test,2583,3070,1000.0
8613,test,3731,1883,1000.0
8614,test,1830,2760,1000.0
8615,test,3572,852,7137.694647687316
8616,test,3546,597,1000.0
8617,test,2199,720,1008.6042767189712
8618,test,2958,497,1655.9605938662608
8619,test,2920,9,1000.0
8620,test,860,3977,1000.0
8621,test,3862,1941,1000.0
8622,test,1829,571,6826.205151971615
8623,test,1611,1459,4230.945484055145
8624,test,4073,1489,1125.648612912022
8625,test,3448,2645,1000.0
8626,test,1702,2732,1000.0
8627,test,1868,3720,1000.0
8628,test,3637,2885,1000.0
8629,test,860,807,1000.0
8630,test,3537,3748,2850.248231928179
8631,test,2626,1853,1000.0
8632,test,671,2499,2766.157409494477
8633,test,2062,4010,1000.0
8634,test,3059,1648,2881.274938555845
8635,test,3580,3726,10322.712429507776
8636,test,2548,41,2971.0383194507835
8637,test,3869,2472,1861.8511611725066
8638,test,3088,20,3807.8622579850844
8639,test,3544,248,1000.0
8640,test,454,733,1000.0
8641,test,1201,3989,1724.5324921304589
8642,test,966,3162,2873.5721990651336
8643,test,918,869,1000.0
8644,test,749,4117,1000.0
8645,test,3937,1995,2786.798933718743
8646,test,2656,4106,3199.9228230292783
8647,test,1456,2757,4645.065755744066
8648,test,3863,2954,9477.748100611789
8649,test,1226,1481,3018.823819032714
8650,test,2206,823,1014.2284737536146
8651,test,1282,3779,1058.252303428257
8652,test,929,112,2313.8936388379316
8653,test,1357,1172,1240.3562277561925
8654,test,1406,373,9266.32638797586
8655,test,852,2596,1269.831984853708
8656,test,1392,4077,2010.9837120584061
8657,test,2868,4022,1000.0
8658,test,1777,2793,1000.0
8659,test,406,2047,1000.0
8660,test,2100,814,1628.8573891764536
8661,test,2220,4068,1000.0
8662,test,78,3399,1000.0
8663,test,4082,1251,1000.0
8664,test,1004,2507,1000.0
8665,test,1885,3206,14022.542874647814
8666,test,3425,1198,1000.0
8667,test,323,2045,1000.0
8668,test,196,752,1000.0
8669,test,1777,3916,10861.0512593192
8670,test,1705,3210,1657.8142228301208
8671,test,2051,2363,1000.0
8672,test,916,3888,1028.038665346233
8673,test,46,2565,1014.1812924870449
8674,test,2012,2174,10089.346763578891
8675,test,1756,2559,1000.0
8676,test,1164,2689,1300.1376126291873
8677,test,1835,3215,6917.326997953165
8678,test,3479,1803,1000.0
8679,test,2348,188,1534.1884086569003
8680,test,1916,1663,1000.0
8681,test,1673,1040,1000.0
8682,test,989,3388,1000.0
8683,test,2649,2035,1000.0
8684,test,3609,1885,1308.1737707647155
8685,test,4091,1224,1493.3733465117668
8686,test,1575,3844,1402.5068969930344
8687,test,3708,3953,1000.0
8688,test,2140,607,1000.0
8689,test,2895,129,1569.385450246302
8690,test,3319,3761,1000.0
8691,test,3639,3520,1000.0
8692,test,2553,1559,1000.0
8693,test,237,974,3500.614215799888
8694,test,1210,1574,2003.2513758580235
8695,test,2141,604,1000.0
8696,test,2866,3104,1000.0
8697,test,192,2167,50033.91990124723
8698,test,3809,954,1000.0
8699,test,2299,4090,1000.0
8700,test,3443,3743,1672.3844895528919
8701,test,865,3263,1000.0
8702,test,2474,1312,1000.0
8703,test,601,8,2308.7974412677995
8704,test,4089,3670,3790.2550365061647
8705,test,3943,3999,1000.0
8706,test,2811,2933,2410.8452732644505
8707,test,2998,2357,1000.0
8708,test,3736,2995,6215.306365917654
8709,test,2668,1308,1000.0
8710,test,3721,2619,1075.1533650695235
8711,test,2575,3496,44398.51817716859
8712,test,870,3032,1000.0
8713,test,35,1263,5066.187523005994
8714,test,268,2455,4052.718222981627
8715,test,1974,4121,1000.0
8716,test,3792,922,1000.0
8717,test,258,242,1000.0
8718,test,2757,3927,1266.5428840923507
8719,test,4114,3983,6138.053758460546
8720,test,1213,859,1000.0
8721,test,3459,1132,1000.0
8722,test,1791,2492,1821.7158117642207
8723,test,2419,1264,3446.665844235173
8724,test,143,1029,1277.2346560094886
8725,test,998,1582,3167.9010926428987
8726,test,3951,3934,8693.638775127452
8727,test,3901,2064,1214.7527740984224
8728,test,1746,435,1000.0
8729,test,2893,1372,1000.0
8730,test,375,4049,2116.699778489412
8731,test,1254,3317,1000.0
8732,test,1567,3933,1000.0
8733,test,103,491,6602.9544368466895
8734,test,3531,1407,2940.0908887435266
8735,test,3146,1965,1000.0
8736,test,3631,1845,3368.923086328861
8737,test,2640,944,1233.932975376781
8738,test,1450,685,1000.0
8739,test,3495,1756,1000.0
8740,test,2505,3059,1396.4788862969112
8741,test,3065,2403,4180.146660164574
8742,test,2661,3170,1000.0
8743,test,192,2041,5584.832510620164
8744,test,1754,1441,1000.0
8745,test,2425,1972,1000.0
8746,test,2145,1935,3480.0126188842514
8747,test,704,3862,1000.0
8748,test,420,2549,1000.0
8749,test,138,3319,1923.5841021522185
8750,test,1276,1216,1000.0
8751,test,2949,3527,3204.5136825447903
8752,test,2141,2021,1000.0
8753,test,1821,2825,12750.595997317043
8754,test,2073,1436,1437.661949570651
8755,test,3540,2679,1000.0
8756,test,1940,3698,3352.1371267722875
8757,test,1558,1192,1000.0
8758,test,1757,2174,4628.807645981262
8759,test,767,2343,1000.0
8760,test,3904,3084,1253.1037946335732
8761,test,4137,2628,1000.0
8762,test,2470,1436,3959.447443270439
8763,test,278,1307,10399.550268424138
8764,test,433,3537,1000.0
8765,test,3051,3773,1000.0
8766,test,2339,3041,1000.0
8767,test,435,2747,1084.6300616407045
8768,test,2840,2425,6679.920519346872
8769,test,1582,3008,5761.448424162476
8770,test,3011,1366,1000.0
8771,test,3272,1843,1534.625199993194
8772,test,374,3682,2448.97682071521
8773,test,1955,926,1000.0
8774,test,2994,451,1000.0
8775,test,239,3966,15032.022271566828
8776,test,3369,177,1000.0
8777,test,4095,569,2442.3224511616313
8778,test,4101,2365,1000.0
8779,test,2475,3161,8700.757212261937
8780,test,3521,3107,1000.0
8781,test,789,1041,1000.0
8782,test,2511,2543,1000.0
8783,test,2674,1930,1000.0
8784,test,3883,2621,1000.0
8785,test,3535,1624,1678.0338912614982
8786,test,1632,3617,1442.5653043155025
8787,test,507,865,1000.0
8788,test,1413,3212,1000.0
8789,test,1985,3068,1000.0
8790,test,3250,1350,6685.6498270282245
8791,test,3739,982,1000.0
8792,test,3849,2152,2733.647501395188
8793,test,1039,788,1125.2573194028598
8794,test,2686,3653,2843.33177199467
8795,test,2076,210,1000.0
8796,test,3298,2524,1000.0
8797,test,3843,3441,1000.0
8798,test,3811,393,2360.7407765642115
8799,test,1377,4064,1000.0
8800,test,2588,2651,1194.0172504492432
8801,test,4082,1599,1000.0
8802,test,3012,147,2660.547190636836
8803,test,3011,3259,1000.0
8804,test,79,3732,1416.3536385925593
8805,test,864,3215,1000.0
8806,test,2285,1272,1160.2741459944352
8807,test,930,3987,1449.8658440809345
8808,test,2356,2236,10507.349625300727
8809,test,1520,600,1000.0
8810,test,2668,664,1000.0
8811,test,2714,2351,1000.0
8812,test,1655,965,8003.320070062774
8813,test,3313,2172,1000.0
8814,test,333,3572,1000.0
8815,test,587,2789,2015.193084193814
8816,test,1473,3182,1000.0
8817,test,1447,3383,1000.0
8818,test,1413,3571,1000.0
8819,test,4126,1594,2332.7136474148424
8820,test,371,168,3880.8592514441116
8821,test,2828,3776,1000.0
8822,test,3621,3565,1000.0
8823,test,3122,3396,1000.0
8824,test,926,223,1164.5064012265354
8825,test,1128,2518,3325.1040731723183
8826,test,1298,1832,1559.4463467355174
8827,test,3434,3708,1000.0
8828,test,904,192,9584.225342518619
8829,test,1818,3308,1000.0
8830,test,589,1198,1000.0
8831,test,938,3093,1770.66012510773
8832,test,2108,2255,1000.0
8833,test,1309,533,1000.0
8834,test,2585,176,5071.441881632049
8835,test,1483,3042,1666.8702392341545
8836,test,85,1954,1000.0
8837,test,2029,12,3339.413026642503
8838,test,1890,637,1000.0
8839,test,364,2072,1000.0
8840,test,4131,1596,1000.0
8841,test,2733,1302,5981.376441799499
8842,test,1763,3618,1000.0
8843,test,3612,988,3019.633075922174
8844,test,2596,3920,1272.8448384685066
8845,test,4023,557,1000.0
8846,test,241,803,1000.0
8847,test,1255,583,1000.0
8848,test,1007,3036,1000.0
8849,test,2982,1199,1000.0
8850,test,271,3910,3120.114825130764
8851,test,778,1787,1431.7797542114647
8852,test,2856,681,1238.8428210503507
8853,test,2241,180,1000.0
8854,test,1097,1974,4467.690003540404
8855,test,27,2072,1109.1678510223649
8856,test,2300,927,1000.0
8857,test,576,3338,2111.053496239521
8858,test,810,1278,4652.786881791943
8859,test,217,1775,1000.0
8860,test,2710,902,2351.8870108619367
8861,test,1821,162,1000.0
8862,test,2980,537,3501.4233651030336
8863,test,3112,2960,1489.6128564650805
8864,test,2455,2179,1000.0
8865,test,1873,785,2651.320192037771
8866,test,69,473,1000.0
8867,test,1733,565,1475.4766255092002
8868,test,1984,38,1367.3346234021094
8869,test,2556,3972,1919.2936335696768
8870,test,2421,271,1000.0
8871,test,4059,3394,3990.095789820886
8872,test,749,2849,1152.450118162927
8873,test,981,3400,1089.685681549113
8874,test,846,2871,1148.5495300067382
8875,test,3868,1602,2113.426768283382
8876,test,3722,2059,1000.0
8877,test,1631,3394,1000.0
8878,test,3032,638,2235.197251222902
8879,test,3828,2138,3191.1707889297777
8880,test,810,2174,1000.0
8881,test,3041,313,1000.0
8882,test,3114,1728,4061.846173612976
8883,test,1381,769,1000.0
8884,test,1167,3022,2042.5388982535965
8885,test,1683,3367,1813.4536872907265
8886,test,1086,3046,1000.0
8887,test,2828,3771,1000.0
8888,test,3710,592,1000.0
8889,test,2852,2666,1856.3331968039445
8890,test,1917,1750,1000.0
8891,test,1998,2921,11915.88787848509
8892,test,378,232,11099.821219439411
8893,test,2205,121,5759.218968591349
8894,test,1569,1760,1000.0
8895,test,1362,3989,1000.0
8896,test,2278,12,24670.70196421629
8897,test,1777,99,2268.6590204139543
8898,test,2490,2972,1000.0
8899,test,1830,1750,3517.246803227808
8900,test,2944,3734,1000.0
8901,test,450,3055,1000.0
8902,test,2959,2435,1000.0
8903,test,2458,2180,1237.1036502433149
8904,test,1016,775,1000.0
8905,test,4016,4091,3140.0141795496056
8906,test,1454,48,2021.2522594641007
8907,test,1084,2614,4504.720416750919
8908,test,2738,3814,1000.0
8909,test,2687,3292,1612.134524677356
8910,test,4130,1459,1000.0
8911,test,2667,4002,2136.947120663548
8912,test,4017,2555,1000.0
8913,test,1222,678,1000.0
8914,test,939,1795,1000.0
8915,test,2665,1292,1982.5013476687805
8916,test,2525,609,2741.1735546487807
8917,test,1484,1518,5579.653072250923
8918,test,1874,2171,1000.0
8919,test,3232,3324,1961.3882534890126
8920,test,2115,724,3091.1235802918522
8921,test,2778,3642,1000.0
8922,test,3470,3286,4968.416228270222
8923,test,1275,1540,1000.0
8924,test,4010,2467,1266.848199571324
8925,test,1078,3966,1000.0
8926,test,1655,3025,1000.0
8927,test,396,1153,1135.3532253830865
8928,test,3141,1307,1000.0
8929,test,149,483,5247.84693678351
8930,test,2808,3645,6035.481309548371
8931,test,3453,2197,1000.0
8932,test,3614,2719,1625.5964501609653
8933,test,3044,1647,2442.8516833428516
8934,test,3314,1918,1000.0
8935,test,3407,972,1157.095809748308
8936,test,1678,457,1059.9189545338013
8937,test,2348,1355,1000.0
8938,test,2122,2348,1000.0
8939,test,1320,1693,12632.595555211941
8940,test,3732,1817,1000.0
8941,test,2982,592,9296.373515138055
8942,test,3074,2997,1038.3978676784584
8943,test,1204,1133,1000.0
8944,test,1075,1247,4908.92723280787
8945,test,4136,289,1000.0
8946,test,457,3740,1000.0
8947,test,942,1384,3222.6765723845947
8948,test,2756,1636,1000.0
8949,test,1539,2964,2569.297169927515
8950,test,3809,484,1000.0
8951,test,75,1810,1481.2490217834597
8952,test,1769,1590,1062.015615718666
8953,test,529,324,1000.0
8954,test,1113,3465,1182.9208964912716
8955,test,2591,1813,1000.0
8956,test,685,482,23309.050789720324
8957,test,3140,1033,4922.560546789528
8958,test,3926,3357,1000.0
8959,test,185,1706,3006.250100040504
8960,test,2678,688,1000.0
8961,test,3328,2982,1000.0
8962,test,3901,475,1000.0
8963,test,3919,305,1000.0
8964,test,3916,1852,1710.1477657531227
8965,test,4120,1320,1000.0
8966,test,2399,2372,1115.2155666045214
8967,test,601,2390,1000.0
8968,test,1099,2859,1000.0
8969,test,3444,1783,1000.0
8970,test,4088,3361,1000.0
8971,test,1483,4106,1838.468730204107
8972,test,3664,2749,1755.02477370189
8973,test,547,1609,1000.0
8974,test,3881,1073,1000.0
8975,test,730,1860,1000.0
8976,test,992,1951,1000.0
8977,test,2420,1611,1000.0
8978,test,3932,3282,1341.2437323468826
8979,test,1611,2665,1000.0
8980,test,1532,2200,2031.8594563003815
8981,test,3168,1963,1000.0
8982,test,990,1134,4700.1299929005045
8983,test,2136,1814,3916.306839114514
8984,test,904,1511,1218.2285517701139
8985,test,3514,2876,1000.0
8986,test,3249,752,1000.0
8987,test,2210,2119,4515.062550995665
8988,test,4118,320,1000.0
8989,test,2516,942,1000.0
8990,test,2775,4053,1000.0
8991,test,2681,1223,4854.838135403145
8992,test,401,2072,1000.0
8993,test,1688,248,1000.0
8994,test,1110,148,15902.860176473088
8995,test,984,3838,7285.2585416934
8996,test,2206,3955,1000.0
8997,test,3138,2837,1000.0
8998,test,3076,278,1000.0
8999,test,1139,174,2037.6965804727074
9000,test,1527,2756,1907.9473047687823
9001,test,148,575,1000.0
9002,test,2803,596,1000.0
9003,test,2921,3539,2720.8216018011362
9004,test,867,4025,1000.0
9005,test,1030,2286,1008.8281198205957
9006,test,2761,2065,1000.0
9007,test,3547,964,1000.0
9008,test,3454,480,1388.6675706383378
9009,test,3913,3629,1000.0
9010,test,1698,250,1000.0
9011,test,2939,1750,1000.0
9012,test,543,3367,1000.0
9013,test,867,969,1000.0
9014,test,3068,2749,3233.9354075154506
9015,test,773,226,1000.0
9016,test,2331,1258,1000.0
9017,test,1089,3722,1000.0
9018,test,2238,4114,1048.9086888063937
9019,test,1815,2297,1000.0
9020,test,2155,2263,16239.77500692658
9021,test,3662,1910,1000.0
9022,test,2814,4008,1000.0
9023,test,3261,1380,1000.0
9024,test,1755,3291,1073.8619341949488
9025,test,1248,195,1000.0
9026,test,2428,774,8263.036863699288
9027,test,608,1207,3350.6357900731437
9028,test,1271,2965,1000.0
9029,test,3956,786,1000.0
9030,test,1252,3439,6152.181314387287
9031,test,1766,3328,7626.20448539899
9032,test,3466,3491,1000.0
9033,test,1163,1313,1000.0
9034,test,852,3247,1000.0
9035,test,2092,12,1000.0
9036,test,3436,2326,1000.0
9037,test,685,2129,9208.55343285468
9038,test,2929,2001,1000.0
9039,test,3231,725,3951.6279711808806
9040,test,1721,1743,2596.9838025275817
9041,test,2920,3559,1733.9547278639138
9042,test,1925,990,1119.712037849454
9043,test,998,3884,1717.6005342873173
9044,test,3451,2150,1098.966311874239
9045,test,2398,2553,1000.0
9046,test,295,3129,3822.8659099342435
9047,test,918,1492,2421.8258887388843
9048,test,1525,1009,1000.0
9049,test,1383,3234,1000.0
9050,test,2502,2863,1000.0
9051,test,1747,1668,1000.0
9052,test,3700,2610,1081.7711985907838
9053,test,2591,2287,3536.448279674314
9054,test,2282,1004,1388.1148978064437
9055,test,2991,24,1000.0
9056,test,1840,2861,1000.0
9057,test,3104,583,3115.8822600189033
9058,test,47,2416,2348.2559309772023
9059,test,1155,3045,3625.5405454714523
9060,test,1016,2419,1000.0
9061,test,3157,1373,5403.067869262589
9062,test,2977,2482,1000.0
9063,test,829,2637,1555.5580245375202
9064,test,3704,3821,1000.0
9065,test,139,2800,8634.094807217061
9066,test,154,1123,1114.8701970008372
9067,test,184,3338,1000.0
9068,test,2146,3644,4551.406632159536
9069,test,1514,2944,1000.0
9070,test,96,1846,1729.124092245547
9071,test,2151,1726,1000.0
9072,test,551,3421,3181.4084931359807
9073,test,1766,3729,1000.0
9074,test,1583,2443,1000.0
9075,test,1785,1230,3455.8926430099987
9076,test,980,3269,4632.184422562905
9077,test,2824,3419,1408.349555571385
9078,test,2090,3351,1464.885119792053
9079,test,2369,3009,13180.828671503952
9080,test,2841,3678,1000.0
9081,test,3586,2578,4970.151456958624
9082,test,1180,155,1412.3068970825027
9083,test,3599,3166,5132.170649953848
9084,test,1403,2797,4198.2673749827745
9085,test,896,2727,1000.0
9086,test,3514,365,1000.0
9087,test,2526,803,2165.818143315269
9088,test,1514,3511,1000.0
9089,test,4137,1261,3043.258686548722
9090,test,3114,3434,1141.4279194007052
9091,test,2646,48,1000.0
9092,test,558,2370,1000.0
9093,test,3812,4062,1000.0
9094,test,3956,2551,2249.1778029360376
9095,test,1762,722,1000.0
9096,test,2625,1113,1236.0041519476854
9097,test,245,2600,1000.0
9098,test,746,2776,1003.8488452594621
9099,test,1096,283,1000.0
9100,test,3436,1752,1000.0
9101,test,3638,3424,1000.0
9102,test,2278,1905,8020.567096787538
9103,test,443,3043,1099.8619137729263
9104,test,258,1710,1000.0
9105,test,843,2131,1000.0
9106,test,3107,1916,1000.0
9107,test,2154,1396,1000.0
9108,test,2739,688,1000.0
9109,test,1125,3531,1000.0
9110,test,389,992,1000.0
9111,test,1146,2227,1000.0
9112,test,3566,180,1000.0
9113,test,1267,2783,1849.1265308682077
9114,test,1022,3057,1000.0
9115,test,3633,853,6443.430753722864
9116,test,88,1088,1000.0
9117,test,2622,1418,1000.0
9118,test,3549,3811,1270.7909298909144
9119,test,3634,2799,1000.0
9120,test,2979,4017,1281.5466302793463
9121,test,4085,1,1000.0
9122,test,1481,2199,1591.9088608301693
9123,test,1670,1163,1000.0
9124,test,532,1814,7144.275413387059
9125,test,366,1905,6486.483751216079
9126,test,1480,2600,1000.0
9127,test,1407,2856,1000.0
9128,test,1894,960,1000.0
9129,test,2035,842,1000.0
9130,test,1833,1788,1000.0
9131,test,404,1644,2450.918012830087
9132,test,621,263,1000.0
9133,test,3274,2729,1138.76934317437
9134,test,2168,98,1000.0
9135,test,3909,3029,1000.0
9136,test,227,28,2281.3155705689423
9137,test,17,3725,1993.9470558174949
9138,test,1125,1652,18285.88591848899
9139,test,1020,3362,1884.1441895535056
9140,test,683,667,3674.5479540551137
9141,test,2625,2793,1000.0
9142,test,1693,2158,1000.0
9143,test,3516,1035,5509.620901350045
9144,test,605,3877,1000.0
9145,test,1316,2462,1000.0
9146,test,3897,3598,1691.63555672487
9147,test,1548,2153,1367.8943263606557
9148,test,3792,2343,1466.4330347057532
9149,test,2917,2755,1000.0
9150,test,1802,4009,1419.9984660660518
9151,test,73,2007,1000.0
9152,test,637,2051,1000.0
9153,test,3154,1776,4515.189178385916
9154,test,1990,4000,1893.6610346554994
9155,test,2983,2305,1000.0
9156,test,3430,3485,2780.113895311459
9157,test,1630,3700,15885.672778658289
9158,test,1266,1845,2763.34215147397
9159,test,952,3990,1110.0839430250426
9160,test,1442,65,1000.0
9161,test,585,2056,4962.898449952864
9162,test,2315,1405,2104.995249774427
9163,test,3996,2990,1000.0
9164,test,1135,2389,9141.274341725282
9165,test,3163,1444,1000.0
9166,test,2473,1170,1000.0
9167,test,2696,366,1000.0
9168,test,1093,2192,1000.0
9169,test,2295,934,1000.0
9170,test,4108,3130,1288.701357601278
9171,test,1068,29,1207.2333130470104
9172,test,3524,3751,1000.0
9173,test,2270,2567,1148.719283136861
9174,test,470,2194,1000.0
9175,test,1593,3271,1001.699070062161
9176,test,4060,1699,1000.0
9177,test,2377,2241,1329.89954374028
9178,test,1606,717,1000.0
9179,test,212,771,1000.0
9180,test,3269,964,2917.2427264755397
9181,test,869,1238,1000.0
9182,test,2359,2118,1025.6216358262504
9183,test,3882,811,1000.0
9184,test,3553,1732,33083.9121664974
9185,test,3588,3842,2949.836879091348
9186,test,2349,900,2192.669957392667
9187,test,1423,776,1000.0
9188,test,3907,2478,1000.0
9189,test,2007,3421,1000.0
9190,test,647,3989,1941.0324752528677
9191,test,926,3498,1000.0
9192,test,2328,3677,2559.8885251620077
9193,test,3568,3932,1000.0
9194,test,2194,311,5867.393307869066
9195,test,2075,571,1000.0
9196,test,3535,2106,1000.0
9197,test,673,3392,1000.0
9198,test,4010,3347,1605.2563224661044
9199,test,1783,1448,3631.0125638097543
9200,test,2978,2245,1000.0
9201,test,2228,97,1000.0
9202,test,2641,3755,1103.3547956802367
9203,test,3037,3084,2592.9019960298265
9204,test,1254,1451,4122.0949751450535
9205,test,482,1444,2435.881368569675
9206,test,1996,1765,1000.0
9207,test,1608,1032,1959.094757069406
9208,test,101,532,1000.0
9209,test,2487,2328,5865.091178826234
9210,test,2917,1752,11459.84038950247
9211,test,1015,638,1640.3537728572173
9212,test,3260,1260,3258.152889106658
9213,test,902,4125,1000.0
9214,test,2836,3151,5018.607085763758
9215,test,3118,62,1132.3939216565432
9216,test,3682,2442,1311.4416999880846
9217,test,1471,3112,1000.0
9218,test,3631,1790,1000.0
9219,test,1485,1417,1000.0
9220,test,900,667,1000.0
9221,test,1222,4083,1000.0
9222,test,1446,2006,1000.0
9223,test,1472,876,1000.0
9224,test,4123,2278,1000.0
9225,test,2237,164,1000.0
9226,test,2604,2639,6133.10662092005
9227,test,2443,1448,8613.037665057363
9228,test,2393,565,4654.960337111675
9229,test,3974,3805,1449.736604590298
9230,test,2513,2276,1000.0
9231,test,460,2692,2417.85422711596
9232,test,2616,651,2662.005285894874
9233,test,3533,3752,1000.0
9234,test,1200,2329,1000.0
9235,test,3940,3313,1074.7862671307234
9236,test,1857,2061,1000.0
9237,test,3357,1569,1175.343509056566
9238,test,849,596,1000.0
9239,test,1404,1574,1015.7830903082846
9240,test,1794,904,1000.0
9241,test,378,1974,5043.03109390616
9242,test,2373,1597,1000.0
9243,test,399,2860,4670.220740978908
9244,test,813,2305,1000.0
9245,test,2472,510,1000.0
9246,test,3771,500,1764.6431574547573
9247,test,1550,1391,1000.0
9248,test,737,27,1000.0
9249,test,3650,803,1000.0
9250,test,242,377,1178.883099263125
9251,test,1130,1353,2285.6983888869563
9252,test,3169,2040,1824.3791789979475
9253,test,1029,2080,2265.3138669063287
9254,test,1324,1431,1964.191504596341
9255,test,3752,2777,6921.427140294967
9256,test,2600,1407,2831.357996251421
9257,test,1274,3292,1000.0
9258,test,35,4000,1000.0
9259,test,310,3361,1000.0
9260,test,286,3476,1114.6064506806856
9261,test,818,257,1474.6157840387048
9262,test,520,2078,1000.0
9263,test,3236,4006,1938.6255369327564
9264,test,3765,445,1000.0
9265,test,2904,4010,1561.5937582006677
9266,test,50,3870,1000.0
9267,test,17,2133,14568.867552253332
9268,test,1169,4136,1832.5426610771924
9269,test,1228,3809,1000.0
9270,test,2429,3682,25835.481486245015
9271,test,3271,787,1000.0
9272,test,443,2166,1111.8257687066505
9273,test,1194,2578,2546.4400196444412
9274,test,1467,735,1000.0
9275,test,3075,509,1000.0
9276,test,861,2817,1000.0
9277,test,547,3878,1000.0
9278,test,130,1150,1000.0
9279,test,2729,832,1653.7936317575104
9280,test,757,421,1000.0
9281,test,2892,1113,1070.2685924152897
9282,test,2257,1464,1000.0
9283,test,1232,2064,2529.351529158411
9284,test,1593,1370,1000.0
9285,test,3003,3212,1000.0
9286,test,3346,3825,22696.49162865743
9287,test,810,2084,1000.0
9288,test,557,1545,2111.908833914212
9289,test,1021,3374,1000.0
9290,test,2321,2932,1000.0
9291,test,3701,3407,1000.0
9292,test,1863,1005,1000.0
9293,test,3862,4101,1000.0
9294,test,759,2269,1000.0
9295,test,638,1866,1000.0
9296,test,1860,2158,5939.414393895248
9297,test,1432,656,3533.559977097582
9298,test,1750,1883,1000.0
9299,test,3269,1841,1000.0
9300,test,1971,1286,2031.8546762105732
9301,test,948,3527,1000.0
9302,test,1944,3186,1000.0
9303,test,270,2141,1593.8887481216666
9304,test,3285,298,1452.364777651287
9305,test,3578,2840,1000.0
9306,test,3662,3140,2251.746268432741
9307,test,3960,1656,1110.3413552433205
9308,test,2163,3913,1369.9428687257218
9309,test,2339,1470,1595.9521497322971
9310,test,939,2352,1000.0
9311,test,1654,175,1000.0
9312,test,455,3516,1003.5015054002695
9313,test,1,501,1215.9310880550468
9314,test,776,2649,9886.624542517166
9315,test,3100,1723,5251.33344953374
9316,test,3205,21,1000.0
9317,test,676,965,1000.0
9318,test,714,718,1472.2996561974564
9319,test,3514,1965,1955.8155341016368
9320,test,3352,864,1197.1398498863614
9321,test,3417,802,1000.0
9322,test,2284,1451,13705.362924879757
9323,test,177,3107,1312.0342425624865
9324,test,585,1301,3058.6767336815105
9325,test,332,159,2242.0350546049744
9326,test,4114,2723,3227.7673200224967
9327,test,2720,2874,1836.5945044464538
9328,test,1145,1688,8856.706412824895
9329,test,3683,1436,1000.0
9330,test,35,1966,1315.8817278304716
9331,test,106,1246,1035.2717171635654
9332,test,4014,3063,1000.0
9333,test,1265,1758,21979.35310386982
9334,test,2585,854,34352.68101908743
9335,test,2926,883,1168.3818967784928
9336,test,1920,3173,1000.0
9337,test,462,3453,1000.0
9338,test,1826,3182,1181.1355771079825
9339,test,2583,2043,6061.133068162274
9340,test,457,3324,1000.0
9341,test,1243,2156,1000.0
9342,test,232,1983,4874.594387110091
9343,test,2906,2768,1691.9352543566
9344,test,3694,75,4151.785955270388
9345,test,336,782,1000.0
9346,test,2130,454,1000.0
9347,test,1456,1795,2747.3290604826266
9348,test,368,354,1000.0
9349,test,973,3702,1000.0
9350,test,670,1659,5266.081095050547
9351,test,1624,2691,1000.0
9352,test,2806,1740,1000.0
9353,test,3300,2796,1000.0
9354,test,3092,320,1000.0
9355,test,2081,1688,1000.0
9356,test,1476,1195,1000.0
9357,test,2304,1392,3471.0384518955993
9358,test,1537,1650,1165.435724049424
9359,test,1377,838,7858.046120369199
9360,test,2934,3744,1116.9078164186335
9361,test,3671,2654,2727.342349928209
9362,test,2913,2531,1370.937840935754
9363,test,1376,3721,3955.235970675187
9364,test,3363,1620,1421.6012454353713
9365,test,3571,1260,7583.851214032718
9366,test,925,3073,1239.5948373083734
9367,test,255,54,1000.0
9368,test,2945,360,1000.0
9369,test,2368,894,1000.0
9370,test,1398,4073,3337.225792427557
9371,test,2545,689,3114.9608343568502
9372,test,2234,428,1000.0
9373,test,1322,2044,1000.0
9374,test,3715,120,5359.8713812363785
9375,test,441,3040,1000.0
9376,test,3930,3004,1879.758965359875
9377,test,3712,377,1822.1046417355947
9378,test,436,2475,2624.156437841416
9379,test,202,745,1000.0
9380,test,2233,3254,1000.0
9381,test,440,3358,2651.710941963779
9382,test,3624,3200,1942.311940517229
9383,test,3581,2601,1000.0
9384,test,2575,618,8658.448198705257
9385,test,54,4137,1000.0
9386,test,3302,841,1000.0
9387,test,2440,3370,1949.4738088255021
9388,test,1202,2184,1000.0
9389,test,2908,160,1000.0
9390,test,2087,2170,1481.2098284906424
9391,test,3471,2845,1000.0
9392,test,3618,2889,2492.1251191826773
9393,test,1933,1871,1218.1142952166101
9394,test,3468,3939,1964.4997895999245
9395,test,863,909,1862.6067900267717
9396,test,2090,4005,1845.375738290118
9397,test,1788,3487,1000.0
9398,test,3925,710,1000.0
9399,test,283,217,2374.1296419824016
9400,test,2585,2224,1000.0
9401,test,1500,2076,1000.0
9402,test,3828,2596,5842.833137206048
9403,test,1081,1316,1000.0
9404,test,3258,943,1311.8671482868647
9405,test,1733,2873,3778.277229622088
9406,test,983,617,1000.0
9407,test,3690,3005,1760.1115512905435
9408,test,1405,815,1000.0
9409,test,4080,3049,1000.0
9410,test,2654,2732,1673.8166814838755
9411,test,2379,3000,2668.408623544382
9412,test,352,3490,6069.14315295353
9413,test,1547,3990,1000.0
9414,test,539,2964,1000.0
9415,test,3011,2892,1000.0
9416,test,2251,2137,1000.0
9417,test,2535,2274,1435.6344644621383
9418,test,911,545,3181.7404046788015
9419,test,3448,1989,3566.604956164876
9420,test,3925,1181,1000.0
9421,test,2421,3257,12316.44681773644
9422,test,445,654,1000.0
9423,test,81,3887,2537.76979532969
9424,test,816,2588,1000.0
9425,test,351,1479,2382.415899037332
9426,test,479,2450,1000.0
9427,test,3120,1364,4008.4703929206385
9428,test,3436,13,2031.5412350577951
9429,test,346,1370,1068.459009650585
9430,test,1739,1227,1044.031264890741
9431,test,207,1246,1469.892669412278
9432,test,898,3661,1000.0
9433,test,3306,1136,1000.0
9434,test,847,3993,1000.0
9435,test,2240,2811,1000.0
9436,test,674,1022,1720.1729687261568
9437,test,82,2562,2414.1786409329306
9438,test,3394,2474,1000.0
9439,test,3362,2218,12536.959237574154
9440,test,3980,4075,1000.0
9441,test,3043,196,1000.0
9442,test,399,3092,1151.6827983298551
9443,test,4013,816,1277.625003327246
9444,test,3813,1707,1344.264862592876
9445,test,519,2944,3572.281114167649
9446,test,3234,976,1000.0
9447,test,386,3697,1000.0
9448,test,327,3019,5657.248995888354
9449,test,992,1684,1000.0
9450,test,3361,1466,1370.4731980631468
9451,test,2964,3228,1000.0
9452,test,2195,3334,1000.0
9453,test,2129,3001,1000.0
9454,test,425,602,1074.5606429791485
9455,test,2411,2364,1000.0
9456,test,340,2669,3612.7026489942123
9457,test,1453,619,10502.96753269656
9458,test,2693,987,1000.0
9459,test,2294,79,1000.0
9460,test,2441,2292,1000.0
9461,test,2531,3139,3391.1805290812067
9462,test,2176,3463,6109.409682114808
9463,test,3454,2574,1784.284343008126
9464,test,180,3241,2321.6607197730987
9465,test,1866,1242,1000.0
9466,test,3679,1807,1000.0
9467,test,732,2800,1172.476641570017
9468,test,2564,641,1097.7599155030114
9469,test,767,2248,1026.5411901366417
9470,test,2209,1512,3840.8868739820664
9471,test,114,3160,6516.889811463893
9472,test,3431,615,1395.8186609294219
9473,test,1383,2264,1446.1918269826551
9474,test,2874,3594,1000.0
9475,test,1841,3412,1894.9202617159178
9476,test,1976,3177,1222.6445752543698
9477,test,2712,1673,1000.0
9478,test,2601,2987,1000.0
9479,test,1234,1870,2101.886409380759
9480,test,3213,3926,1000.0
9481,test,3624,3753,1000.0
9482,test,1134,673,1000.0
9483,test,2608,3883,4347.103573546058
9484,test,2412,1690,6038.366918938171
9485,test,2229,3923,1264.308570242439
9486,test,3705,586,25321.294949918884
9487,test,3268,389,4440.790542656132
9488,test,560,196,2026.889850522308
9489,test,2349,3003,1000.0
9490,test,2911,416,1000.0
9491,test,2941,3528,5489.484810757792
9492,test,152,2534,1000.0
9493,test,3767,630,1000.0
9494,test,3965,986,1000.0
9495,test,85,475,3358.6283026232845
9496,test,342,3910,1094.971206436321
9497,test,3507,2790,1471.8138029538418
9498,test,714,2796,1000.0
9499,test,2421,2320,1000.0
9500,test,148,2317,1000.0
9501,test,2660,141,48218.96339902715
9502,test,3943,3464,1000.0
9503,test,797,3237,1000.0
9504,test,1705,761,3236.2693611219206
9505,test,3494,1646,1000.0
9506,test,1331,1501,1682.0423805417304
9507,test,2645,454,2025.2688680440317
9508,test,1785,270,1000.0
9509,test,4142,3386,6514.30618067643
9510,test,2452,2827,1000.0
9511,test,2847,3043,5305.09839136174
9512,test,3376,216,1035.9890357819233
9513,test,1807,3441,1000.0
9514,test,3677,1799,1000.0
9515,test,1259,1129,1668.243242277384
9516,test,4074,244,2222.8748979902352
9517,test,3137,149,1073.1761263489443
9518,test,754,488,1000.0
9519,test,2901,1474,1000.0
9520,test,2395,1636,2899.654464911454
9521,test,908,2416,13464.491582472636
9522,test,2568,3424,1802.1726322777386
9523,test,3058,3022,1000.0
9524,test,1047,3233,3223.1463545180573
9525,test,2582,707,1000.0
9526,test,3185,2271,1000.0
9527,test,1420,4075,4515.942546192831
9528,test,2066,2673,3684.1579451553334
9529,test,1589,3751,1000.0
9530,test,1869,1176,1959.7058567914164
9531,test,887,1196,1000.0
9532,test,1949,202,1000.0
9533,test,3301,1024,11781.262826647475
9534,test,1383,2434,1000.0
9535,test,3269,695,1123.4088377558915
9536,test,3608,1251,1000.0
9537,test,2804,1509,1000.0
9538,test,634,3857,1000.0
9539,test,1257,2760,1000.0
9540,test,3896,2457,1000.0
9541,test,711,1550,1000.0
9542,test,2116,190,1296.611259248146
9543,test,1935,1522,1000.0
9544,test,3032,2824,1039.3056572460507
9545,test,1652,656,1000.0
9546,test,1152,3237,1000.0
9547,test,738,2385,1000.0
9548,test,1829,139,1000.0
9549,test,1792,1902,3855.1497382649027
9550,test,1169,3083,9579.4991028825
9551,test,3808,3202,1513.3074033149558
9552,test,3907,2257,1000.0
9553,test,3058,960,1000.0
9554,test,3808,2764,1000.0
9555,test,2334,1236,1000.0
9556,test,175,2440,12339.912758634984
9557,test,576,1545,1061.8443251392127
9558,test,2570,3856,1000.0
9559,test,623,1769,1493.8489947562728
9560,test,2546,1156,1000.0
9561,test,3556,1217,1009.634935041631
9562,test,345,3340,15489.467112901708
9563,test,3353,84,2769.970959105129
9564,test,899,2486,16268.08827501624
9565,test,2760,210,1000.0
9566,test,1271,747,1000.0
9567,test,1375,1114,1046.934420506182
9568,test,2399,1165,1000.0
9569,test,1465,2724,1000.0
9570,test,2221,1801,4678.3000073129715
9571,test,2142,1140,1000.0
9572,test,402,959,2922.939607870705
9573,test,484,1008,1353.1852434665623
9574,test,1641,3482,14089.287795445904
9575,test,3501,1340,1000.0
9576,test,1708,2635,1000.0
9577,test,4035,2362,3141.9414550044594
9578,test,2058,835,15520.102239009124
9579,test,2882,2755,1000.0
9580,test,3809,2635,1000.0
9581,test,126,4055,1000.0
9582,test,3215,374,1000.0
9583,test,3579,3565,1558.1119137633123
9584,test,1169,30,1114.3593896938428
9585,test,756,4000,3075.11616809357
9586,test,875,1980,1000.0
9587,test,870,820,5801.392813596474
9588,test,1398,3660,16265.458906996593
9589,test,589,1276,1000.0
9590,test,294,190,1000.0
9591,test,1066,2561,1563.0838548655552
9592,test,3022,4002,1056.5651007347803
9593,test,417,782,2533.487213675434
9594,test,2219,1988,1000.0
9595,test,585,553,9103.793202229772
9596,test,405,397,1000.0
9597,test,3526,2642,1197.0642553218522
9598,test,3735,1957,1000.0
9599,test,646,1523,1000.0
9600,test,2302,459,2851.642540429188
9601,test,2859,989,1775.1524011598158
9602,test,1115,747,6120.80662426783
9603,test,1602,1973,1000.0
9604,test,3953,785,1000.0
9605,test,2314,2028,2075.717121384151
9606,test,3624,2527,1000.0
9607,test,1532,3387,3818.03007062915
9608,test,2614,460,1000.0
9609,test,1436,572,7405.6720824864915
9610,test,3159,2971,1000.0
9611,test,1888,645,18846.07141194637
9612,test,1392,1961,3099.55543335359
9613,test,360,1928,2479.5570120954235
9614,test,2521,1693,4400.235924133756
9615,test,713,1307,4192.2826608293335
9616,test,193,2201,1000.0
9617,test,625,1251,4773.73769041683
9618,test,3725,942,3193.0034924252877
9619,test,275,2369,1000.0
9620,test,106,292,1372.4760318019294
9621,test,0,3030,1000.0
9622,test,550,2571,1000.0
9623,test,2090,1411,2124.930146087353
9624,test,2969,2157,1533.6925297027383
9625,test,2959,2790,2009.4528726997007
9626,test,3408,1227,1746.9350638721876
9627,test,2203,2651,1560.4534001155846
9628,test,852,3919,1000.0
9629,test,839,3224,1000.0
9630,test,1317,1323,1126.1558902832303
9631,test,2652,1435,1000.0
9632,test,854,2923,1000.0
9633,test,2007,286,1000.0
9634,test,3935,3463,1000.0
9635,test,126,1602,1000.0
9636,test,3745,2071,5647.961713736401
9637,test,1588,2036,1000.0
9638,test,2974,3985,3604.822524806819
9639,test,32,1581,1000.0
9640,test,3881,48,1000.0
9641,test,2742,1372,3108.4538323553284
9642,test,782,3453,1000.0
9643,test,781,3109,1000.0
9644,test,1576,1165,3284.8502373913143
9645,test,1489,2498,1374.255469062094
9646,test,517,483,4761.8949793993
9647,test,3489,1340,1000.0
9648,test,2670,1113,1000.0
9649,test,2769,595,1506.8447738071538
9650,test,2369,292,1000.0
9651,test,2828,1690,1000.0
9652,test,4100,182,1154.8644065172507
9653,test,3083,191,1000.0
9654,test,293,3617,1841.1867446441854
9655,test,3710,4029,3028.7925399678434
9656,test,3108,1428,1217.0940017617386
9657,test,1346,2980,1000.0
9658,test,1618,2279,7073.863631385028
9659,test,2556,4043,1262.4814340932558
9660,test,2384,2177,1378.0086575677212
9661,test,2277,2611,1000.0
9662,test,1664,1121,2001.0593128471828
9663,test,2875,2932,1131.2113013970043
9664,test,1060,3239,1000.0
9665,test,1327,3964,1000.0
9666,test,460,2211,3982.0437630947845
9667,test,3546,1990,3815.8833850704136
9668,test,3269,4120,1000.0
9669,test,2119,495,1113.2778940617438
9670,test,1225,2050,1000.0
9671,test,211,2346,1000.0
9672,test,981,3781,1366.2598663872875
9673,test,3394,718,1000.0
9674,test,3777,468,1000.0
9675,test,3534,2709,1000.0
9676,test,2014,513,2834.615645017582
9677,test,3287,3283,1000.0
9678,test,204,1259,1366.8557708669766
9679,test,2978,1657,1000.0
9680,test,1083,2610,1425.5395693496232
9681,test,1788,3597,2023.3194970382951
9682,test,3624,2203,11368.59824429821
9683,test,2900,1119,1000.0
9684,test,771,2972,2108.4366872495775
9685,test,191,1101,1000.0
9686,test,2278,2912,1000.0
9687,test,3016,2119,1320.2578251972618
9688,test,3336,1443,1227.0726746437097
9689,test,3946,3470,1000.0
9690,test,342,481,1902.5836747655637
9691,test,413,3327,1681.3100652673106
9692,test,843,3274,1387.35891154248
9693,test,1170,1144,6061.416781978261
9694,test,3404,3736,1000.0
9695,test,4117,40,5294.649922328564
9696,test,2947,931,1000.0
9697,test,3096,769,1000.0
9698,test,2551,2358,7710.238351856064
9699,test,1583,897,1000.0
9700,test,2760,1483,1000.0
9701,test,1339,246,1000.0
9702,test,2761,1479,7202.568315278122
9703,test,1706,1522,1000.0
9704,test,2888,1065,3163.481789402477
9705,test,1002,2635,1000.0
9706,test,3212,2603,1000.0
9707,test,1566,2633,1000.0
9708,test,3241,2693,6088.24667332867
9709,test,1314,3565,1000.0
9710,test,1665,3464,1000.0
9711,test,3786,3436,1000.0
9712,test,2687,934,1000.0
9713,test,3547,3272,3691.3569533086875
9714,test,75,549,15853.89554137976
9715,test,3297,831,1303.8230416538752
9716,test,1810,3697,3502.0670235098246
9717,test,1249,1381,1000.0
9718,test,1344,3601,2623.3165461149238
9719,test,2356,88,3407.7145079102347
9720,test,331,2686,1000.0
9721,test,1127,2951,4241.200098652371
9722,test,1106,2502,1736.2333445623744
9723,test,2279,971,1566.1979481078647
9724,test,1810,2234,1473.432567511205
9725,test,2219,32,1000.0
9726,test,3928,869,1000.0
9727,test,3902,3970,1000.0
9728,test,329,1217,1000.0
9729,test,2250,1095,1000.0
9730,test,2011,3852,1000.0
9731,test,2915,3869,1000.0
9732,test,2093,1811,1059.482676035284
9733,test,726,4127,1000.0
9734,test,1583,1144,7937.598946561674
9735,test,2135,2273,1000.0
9736,test,2268,752,1000.0
9737,test,551,164,1000.0
9738,test,3964,2469,1000.0
9739,test,3260,1822,1000.0
9740,test,1421,3499,3903.702025633618
9741,test,2933,3418,1000.0
9742,test,917,3766,1453.3829211030888
9743,test,3975,3310,6120.319715798423
9744,test,3578,3439,1000.0
9745,test,3725,2850,1000.0
9746,test,2300,3554,2101.5947041384156
9747,test,2468,464,1838.6241917933935
9748,test,189,2481,1000.0
9749,test,722,1774,1753.7457824974585
9750,test,2537,3958,1000.0
9751,test,965,1461,1000.0
9752,test,2387,2583,1828.6455216115282
9753,test,2303,2883,1000.0
9754,test,1071,3184,1000.0
9755,test,147,2674,1000.0
9756,test,3747,612,1000.0
9757,test,3791,73,4292.670822784948
9758,test,3213,1197,1000.0
9759,test,2665,3655,1000.0
9760,test,2577,141,1000.0
9761,test,3074,3325,1000.0
9762,test,1000,3517,1000.0
9763,test,1789,2509,1000.0
9764,test,2630,786,3309.002286080756
9765,test,1452,2886,1000.0
9766,test,1998,3582,1000.0
9767,test,2198,3986,1908.4104738383367
9768,test,1005,1564,1000.0
9769,test,4096,3171,1000.0
9770,test,3160,510,1000.0
9771,test,3825,2707,1000.0
9772,test,2562,203,1000.0
9773,test,1839,2076,1000.0
9774,test,1234,2459,1000.0
9775,test,163,116,1000.0
9776,test,3153,3970,1000.0
9777,test,1015,3936,3801.2305609885116
9778,test,2476,2208,1286.488483901551
9779,test,1368,1501,1139.5221396425186
9780,test,3701,2302,7111.29731750883
9781,test,1753,3495,1289.675581730645
9782,test,709,1859,1000.0
9783,test,3354,3828,1307.1136221681656
9784,test,2436,2032,5770.193634966439
9785,test,1620,380,3766.4161028074777
9786,test,13,151,1445.765742051162
9787,test,810,1127,1393.2453437270399
9788,test,518,678,2892.9181756323
9789,test,1082,3476,1000.0
9790,test,3129,2818,1767.799275288079
9791,test,2914,214,1000.0
9792,test,1190,964,1686.072863452605
9793,test,2499,2211,43110.92013856752
9794,test,3846,842,1000.0
9795,test,1119,3677,1000.0
9796,test,2751,1007,2465.761288777956
9797,test,477,3307,1000.0
9798,test,0,1346,1000.0
9799,test,3561,3131,1000.0
9800,test,2730,2725,1831.8873364837707
9801,test,3128,3564,1000.0
9802,test,2489,1130,1000.0
9803,test,3642,917,1000.0
9804,test,1849,3361,4036.003280678324
9805,test,896,1923,1000.0
9806,test,1338,2371,1000.0
9807,test,395,2944,1276.558957989332
9808,test,364,3672,3849.969748156553
9809,test,2115,35,1000.0
9810,test,1981,3112,1000.0
9811,test,3354,1283,1000.0
9812,test,668,417,1000.0
9813,test,3321,3376,1000.0
9814,test,1858,1495,1000.0
9815,test,2176,3256,1000.0
9816,test,4101,1545,1000.0
9817,test,690,1768,2138.711593189209
9818,test,3683,1511,3868.8512810911893
9819,test,2912,333,1000.0
9820,test,3051,1704,2719.545391905311
9821,test,2369,994,1000.0
9822,test,429,2101,7288.31789479918
9823,test,1590,3342,1000.0
9824,test,771,3978,4173.230904044568
9825,test,1894,2761,19174.297890519363
9826,test,1636,2185,1000.0
9827,test,1641,862,1000.0
9828,test,3825,3443,1000.0
9829,test,1197,454,1416.2081240504372
9830,test,2218,1173,11331.07235900005
9831,test,851,2530,1000.0
9832,test,2329,3816,1000.0
9833,test,3827,1925,1000.0
9834,test,3200,1875,5557.338708459465
9835,test,2221,1406,1000.0
9836,test,2888,2204,1000.0
9837,test,725,1742,1000.0
9838,test,2079,967,1204.054396028299
9839,test,4043,4085,2993.2696947724994
9840,test,1165,1193,1000.0
9841,test,3549,3207,5894.079377831101
9842,test,9,104,1000.0
9843,test,3895,2232,1000.0
9844,test,3758,212,1000.0
9845,test,1761,559,4448.956010436971
9846,test,3540,3968,17409.036117069336
9847,test,1583,3869,4570.4631691463155
9848,test,159,2273,1000.0
9849,test,2003,3931,4662.17361038012
9850,test,3003,473,9324.206926207788
9851,test,1589,3183,4720.182205095822
9852,test,3644,3916,1000.0
9853,test,3999,2163,3036.885010166828
9854,test,1650,2655,7485.231926140301
9855,test,2715,2284,1686.7119838931055
9856,test,4115,2586,1000.0
9857,test,2703,2139,1000.0
9858,test,2973,1777,1000.0
9859,test,3627,2462,7790.073607085135
9860,test,1356,1702,7787.129970161847
9861,test,973,316,1429.487595436517
9862,test,2485,3193,1588.0218613676689
9863,test,3201,2161,1876.8489088468643
9864,test,3669,3979,1000.0
9865,test,873,1222,1000.0
9866,test,1598,3860,1000.0
9867,test,3513,1803,1000.0
9868,test,2547,3434,2963.366917279559
9869,test,1793,156,4815.120443615344
9870,test,2599,3070,1000.0
9871,test,1682,200,1000.0
9872,test,1185,3457,1000.0
9873,test,2065,3786,1000.0
9874,test,2128,741,1215.0609200572421
9875,test,2498,645,1256.9756804859562
9876,test,3290,2944,1000.0
9877,test,3845,1770,4078.9723712930377
9878,test,276,2405,3972.4188650272913
9879,test,254,3081,1000.0
9880,test,3979,2230,1503.374893147281
9881,test,1644,1945,1063.4580448301622
9882,test,2605,1583,1000.0
9883,test,3681,2648,1000.0
9884,test,1473,1844,1000.0
9885,test,1755,578,1112.2310698742024
9886,test,478,156,1201.0855724460946
9887,test,3842,4007,1000.0
9888,test,3,1361,1174.7903837721924
9889,test,2203,277,1000.0
9890,test,762,2861,3254.9571910970194
9891,test,3420,1219,4182.867255066343
9892,test,2495,681,1000.0
9893,test,946,235,1000.0
9894,test,2053,775,13617.03137049684
9895,test,494,573,1000.0
9896,test,433,2609,1000.0
9897,test,2399,891,1000.0
9898,test,4038,3000,1000.0
9899,test,1515,3616,1000.0
9900,test,1973,2355,1000.0
9901,test,506,2802,1000.0
9902,test,1747,2138,1312.3640411560948
9903,test,2059,2629,1000.0
9904,test,2435,3305,1000.0
9905,test,2550,323,1000.0
9906,test,2011,3059,1000.0
9907,test,2876,521,13923.196751205764
9908,test,2176,940,2507.737663999795
9909,test,545,4097,1000.0
9910,test,54,3636,1000.0
9911,test,2169,258,1000.0
9912,test,220,1343,5108.564474521208
9913,test,211,2108,1000.0
9914,test,2898,1231,1000.0
9915,test,1133,951,2270.6899199286318
9916,test,3099,2537,3512.84693073279
9917,test,3815,2960,1000.0
9918,test,1207,1915,2832.768108506564
9919,test,703,430,1075.3558687816026
9920,test,2567,3230,1000.0
9921,test,1987,138,4621.363235177141
9922,test,564,3646,1000.0
9923,test,1711,3501,1897.797420086466
9924,test,2673,2263,1108.852314844302
9925,test,765,83,1000.0
9926,test,1858,936,1698.1355319976826
9927,test,3941,4066,32975.10173435575
9928,test,3689,469,1371.9811873763904
9929,test,115,3247,1653.3024305411943
9930,test,3034,1961,1000.0
9931,test,1616,4082,1000.0
9932,test,743,36,1000.0
9933,test,3416,618,1000.0
9934,test,2083,3397,4810.512639912748
9935,test,2215,880,3511.977651556596
9936,test,4081,1495,1000.0
9937,test,1577,1731,1408.559481817067
9938,test,3396,1719,1000.0
9939,test,3162,2916,1293.5409474092276
9940,test,3074,688,1000.0
9941,test,1054,335,1000.0
9942,test,3211,3432,1000.0
9943,test,3686,2729,1152.130378405494
9944,test,4109,454,1000.0
9945,test,2590,1663,2963.5997685987336
9946,test,2788,500,1979.9427329513455
9947,test,3622,2264,1441.3953175336082
9948,test,27,2596,1000.0
9949,test,2515,7,2062.2213944574446
9950,test,2838,488,1599.3571301244128
9951,test,2868,409,1934.8798378290987
9952,test,3026,2058,2272.950944889483
9953,test,3421,2299,1000.0
9954,test,1760,1939,1641.2740618135267
9955,test,1987,407,2936.7493804380642
9956,test,3042,2322,3600.4780797746885
9957,test,3305,3104,1000.0
9958,test,3253,452,1000.0
9959,test,1844,2876,1185.3869825941615
9960,test,2497,2917,1623.590952804606
9961,test,420,1951,1000.0
9962,test,2364,3320,1000.0
9963,test,1299,431,1000.0
9964,test,2145,3125,2342.293028153076
9965,test,1368,3888,1326.105604467164
9966,test,1749,3174,1000.0
9967,test,4019,872,1984.6701974585876
9968,test,2691,1251,1000.0
9969,test,3826,2648,2486.549701829866
9970,test,1333,1428,1000.0
9971,test,3450,263,1000.0
9972,test,21,566,1000.0
9973,test,2808,3577,6510.07951398151
9974,test,3943,1256,7795.302184811788
9975,test,3845,3375,2780.7745298689883
9976,test,3540,4031,1958.9508761700054
9977,test,2314,527,1000.0
9978,test,2489,801,4244.058079148484
9979,test,1727,3088,1076.1525604618862
9980,test,3996,3713,2840.022811249602
9981,test,2563,1414,1000.0
9982,test,2305,2720,1650.0474731955321
9983,test,3282,931,1915.664258258546
9984,test,3991,1868,8433.718757031744
9985,test,1999,1687,1114.6277741336005
9986,test,3916,2504,1000.0
9987,test,3931,862,1000.0
9988,test,1870,3921,10858.550295664296
9989,test,535,3807,1000.0
9990,test,3839,1516,1986.2539477584194
9991,test,2462,3137,1000.0
9992,test,1439,2266,33291.21975911565
9993,test,1641,3587,7591.763073893179
9994,test,3920,548,1000.0
9995,test,3588,2233,10843.184414862946
9996,test,3582,3220,1000.0
9997,test,3118,3312,1000.0
9998,test,1997,3228,1000.0
9999,test,1115,3763,1008.680117603625
